Plot,Date_coll,Date_weigh,Fruit_type,Num_Seeds,Total_Mass,Notes
86,7/27/2011,7/28/2011,CL,3,0.0121,
58,7/27/2011,7/28/2011,CL,1,0.0047,
86,7/27/2011,7/28/2011,CL,3,0.0141,
86,7/27/2011,7/28/2011,CL,3,0.0082,
177,7/27/2011,7/28/2011,CL,2,0.0069,
145,7/27/2011,7/28/2011,CL,2,0.0074,
138,7/27/2011,7/28/2011,CL,2,0.008,
129,7/27/2011,7/28/2011,CL,3,0.0122,
139,7/27/2011,7/28/2011,CL,3,0.025,
183,7/27/2011,7/28/2011,CL,2,0.009,
70,7/27/2011,7/28/2011,CL,4,0.0106,
70,7/27/2011,7/28/2011,CL,3,0.0105,
58,7/27/2011,7/28/2011,CL,3,0.0083,
190,7/27/2011,7/28/2011,CL,2,0.0069,
179,7/27/2011,7/28/2011,CL,2,0.0108,
176,7/27/2011,7/28/2011,CL,1,0.0067,
176,7/27/2011,7/28/2011,CL,2,0.0175,
176,7/27/2011,7/28/2011,CH,4,0.0179,
176,7/27/2011,7/28/2011,CH,3,0.0235,
139,8/3/2011,8/14/2011,CL,2,0.0019,
138,8/3/2011,8/14/2011,CL,2,0.0101,
129,8/3/2011,8/14/2011,CL,3,0.023,
131,8/3/2011,8/14/2011,CL,2,0.0087,
129,8/3/2011,8/14/2011,CL,1,0.0058,
129,8/3/2011,8/14/2011,CL,3,0.0174,
129,8/3/2011,8/14/2011,CL,2,0.0117,
129,8/3/2011,8/14/2011,CL,1,0.01,
129,8/3/2011,8/14/2011,CL,3,0.019,
129,8/3/2011,8/14/2011,CL,2,0.0082,
128,8/3/2011,8/14/2011,CL,1,0.0058,
128,8/3/2011,8/14/2011,CL,2,0.0077,
127,8/3/2011,8/14/2011,CL,1,0.004,
127,8/3/2011,8/14/2011,CL,2,0.0104,
125,8/3/2011,8/14/2011,CL,2,0.0122,
125,8/3/2011,8/14/2011,CL,3,0.0179,
125,8/3/2011,8/14/2011,CL,2,0.0106,
125,8/3/2011,8/14/2011,CL,2,0.011,
121,8/3/2011,8/14/2011,CL,2,0.0105,
116,8/3/2011,8/14/2011,CL,2,0.009,
116,8/3/2011,8/14/2011,CL,2,0.0085,
110,8/3/2011,8/14/2011,CL,1,0.0076,
107,8/3/2011,8/14/2011,CL,2,0.012,
103,8/3/2011,8/14/2011,CL,1,0.008,
110,8/3/2011,8/14/2011,CL,1,0.0073,
127,8/3/2011,8/14/2011,CL,2,0.015,
91,8/3/2011,8/14/2011,CL,1,0.0054,
184,8/3/2011,8/14/2011,CL,2,0.0062,
184,8/3/2011,8/14/2011,CL,1,0.0028,
184,8/3/2011,8/14/2011,CL,2,0.0043,
176,8/3/2011,8/14/2011,CL,2,0.0115,
176,8/3/2011,8/14/2011,CL,2,0.0066,
195,8/3/2011,8/14/2011,CL,2,0.0079,
171,8/3/2011,8/14/2011,CL,2,0.012,
178,8/3/2011,8/14/2011,CL,1,0.006,
178,8/3/2011,8/14/2011,CL,1,0.0083,
178,8/3/2011,8/14/2011,CL,1,0.0079,
190,8/3/2011,8/14/2011,CL,2,0.0035,
190,8/3/2011,8/14/2011,CL,1,0.0012,
193,8/3/2011,8/14/2011,CL,1,0.0045,
197,8/3/2011,8/14/2011,CL,3,0.0151,
197,8/3/2011,8/14/2011,CL,1,0.0068,
144,8/3/2011,8/14/2011,CL,2,0.0046,
144,8/3/2011,8/14/2011,CL,1,0.0051,
190,8/3/2011,8/14/2011,CL,2,0.006,
60,8/3/2011,8/14/2011,CL,1,0.0027,
60,8/3/2011,8/14/2011,CL,3,0.0113,
70,8/3/2011,8/14/2011,CL,2,0.0077,
75,8/3/2011,8/14/2011,CL,2,0.0112,
84,8/3/2011,8/14/2011,CL,1,0.0083,
93,8/3/2011,8/14/2011,CL,2,0.0056,
84,8/3/2011,8/14/2011,CL,3,0.0169,
87,8/3/2011,8/14/2011,CL,2,0.0085,
4,8/11/2011,8/15/2011,CH,3,0.0108,
58,8/11/2011,8/15/2011,CH,6,0.0394,
58,8/11/2011,8/15/2011,CH,3,0.0132,
58,8/11/2011,8/15/2011,CH,6,0.0247,
58,8/11/2011,8/15/2011,CH,3,0.0193,
57,8/11/2011,8/15/2011,CH,2,0.0152,
56,8/11/2011,8/15/2011,CL,3,0.0089,
41,8/11/2011,8/15/2011,CL,1,0.0072,
35,8/11/2011,8/15/2011,CL,1,0.0046,
35,8/11/2011,8/15/2011,CL,1,0.0071,
55,8/11/2011,8/15/2011,CL,2,0.0109,
31,8/11/2011,8/15/2011,CL,2,0.0071,
23,8/11/2011,8/15/2011,CL,2,0.0114,
22,8/11/2011,8/15/2011,CL,2,0.0174,
22,8/11/2011,8/15/2011,CL,2,0.0215,
24,8/11/2011,8/15/2011,CL,2,0.0061,
22,8/11/2011,8/15/2011,CL,2,0.0183,
22,8/11/2011,8/15/2011,CL,2,0.0128,
16,8/11/2011,8/15/2011,CL,2,0.0115,
14,8/11/2011,8/15/2011,CL,3,0.018,
6,8/11/2011,8/15/2011,CL,2,0.0125,
23,8/11/2011,8/15/2011,CL,2,0.0062,
23,8/11/2011,8/15/2011,CL,2,0.0055,
10,8/11/2011,8/15/2011,CL,2,0.0084,
189,8/11/2011,8/15/2011,CL,2,0.0048,
170,8/11/2011,8/15/2011,CL,1,0.0074,
180,8/11/2011,8/15/2011,CL,1,0.005,
187,8/11/2011,8/15/2011,CL,2,0.0132,
187,8/11/2011,8/15/2011,CL,3,0.0159,
190,8/11/2011,8/15/2011,CH,2,0.0121,
191,8/11/2011,8/15/2011,CL,2,0.0159,
165,8/11/2011,8/15/2011,CH,3,0.0207,
2,8/11/2011,8/15/2011,CL,2,0.0108,
103,8/11/2011,8/15/2011,CL,4,0.0206,
99,8/11/2011,8/15/2011,CL,1,0.0076,
82,8/11/2011,8/15/2011,CL,2,0.0134,
71,8/11/2011,8/15/2011,CH,4,0.0196,
70,8/11/2011,8/15/2011,CL,5,0.0102,
53,8/11/2011,8/15/2011,CL,2,0.0078,
53,8/11/2011,8/15/2011,CL,2,0.0132,
165,8/11/2011,8/15/2011,CL,1,0.0047,
170,8/11/2011,8/15/2011,CL,2,0.0064,
180,8/11/2011,8/15/2011,CL,1,0.0088,
180,8/11/2011,8/15/2011,CL,1,0.0024,
188,8/11/2011,8/15/2011,CL,1,0.0086,
188,8/11/2011,8/15/2011,CL,2,0.0077,one seed is very small
194,8/11/2011,8/15/2011,CL,2,0.0079,
194,8/11/2011,8/15/2011,CL,3,0.0222,very dark seeds
35,8/11/2011,8/15/2011,CL,3,0.0125,
8,8/11/2011,8/15/2011,CL,2,0.0051,
11,8/11/2011,8/15/2011,CL,2,0.0045,
21,8/11/2011,8/15/2011,CL,2,0.0064,
22,8/11/2011,8/15/2011,CL,2,0.0154,
23,8/11/2011,8/15/2011,CL,2,0.0096,
5,8/11/2011,8/15/2011,CL,4,0.0177,
2,9/17/2011,9/22/2011,CL,1,0.0061,
2,9/17/2011,9/22/2011,CL,1,0.0041,
4,9/17/2011,9/22/2011,CL,1,0.0056,
4,9/17/2011,9/22/2011,CL,2,0.0182,
5,9/17/2011,9/22/2011,CH,6,0.0312,
5,9/17/2011,9/22/2011,CH,3,0.0163,
5,9/17/2011,9/22/2011,CH,4,0.0261,
5,9/17/2011,9/22/2011,CH,3,0.0239,
5,9/17/2011,9/22/2011,CH,4,0.0290,
5,9/17/2011,9/22/2011,CH,3,0.0151,
5,9/17/2011,9/22/2011,CH,3,0.0163,
5,9/17/2011,9/22/2011,CL,1,0.0108,
5,9/17/2011,9/22/2011,CL,3,0.0140,
5,9/17/2011,9/22/2011,CL,2,0.0100,
5,9/17/2011,9/22/2011,CL,2,0.0156,
5,9/17/2011,9/22/2011,CL,3,0.0145,
5,9/17/2011,9/22/2011,CL,2,0.0116,
5,9/17/2011,9/22/2011,CL,2,0.0160,
5,9/17/2011,9/22/2011,CL,2,0.0077,
5,9/17/2011,9/22/2011,CL,2,0.0158,
5,9/17/2011,9/22/2011,CL,1,0.0108,
5,9/17/2011,9/22/2011,CL,1,0.0095,
5,9/17/2011,9/22/2011,CL,1,0.0057,
5,9/17/2011,9/22/2011,CL,2,0.0139,
5,9/17/2011,9/22/2011,CL,1,0.0069,
5,9/17/2011,9/22/2011,CL,2,0.0112,
1,9/17/2011,9/22/2011,CL,1,0.0069,
1,9/17/2011,9/22/2011,CL,1,0.0065,
1,9/17/2011,9/22/2011,CL,1,0.0056,
1,9/17/2011,9/22/2011,CH,2,0.0103,
2,9/17/2011,9/22/2011,CH,2,0.0144,
2,9/17/2011,9/22/2011,CH,3,0.0176,
2,9/17/2011,9/22/2011,CH,2,0.0076,
2,9/17/2011,9/22/2011,CH,2,0.0137,
2,9/17/2011,9/22/2011,CH,1,0.0052,
2,9/17/2011,9/22/2011,CH,2,0.0131,
2,9/17/2011,9/22/2011,CL,1,0.0067,
2,9/17/2011,9/22/2011,CL,1,0.0074,
2,9/17/2011,9/22/2011,CH,3,0.0107,
2,9/17/2011,9/22/2011,CH,4,0.0204,
2,9/17/2011,9/22/2011,CL,1,0.0047,
2,9/17/2011,9/22/2011,CL,1,0.0026,
2,9/17/2011,9/22/2011,CL,1,0.0040,
2,9/17/2011,9/22/2011,CL,1,0.0035,
2,9/17/2011,9/22/2011,CL,1,0.0025,
2,9/17/2011,9/22/2011,CH,2,0.0094,
2,9/17/2011,9/22/2011,CH,4,0.0207,
3,9/17/2011,9/22/2011,CL,1,0.0045,
63,8/31/2011,9/22/2011,CL,4,0.0302,
63,8/31/2011,9/22/2011,CL,2,0.0067,
63,8/31/2011,9/22/2011,CH,2,0.0052,
64,8/31/2011,9/22/2011,CL,3,0.0088,
72,8/31/2011,9/22/2011,CH,4,0.0180,
72,8/31/2011,9/22/2011,CH,4,0.0258,
72,8/31/2011,9/22/2011,CH,3,0.0034,
75,8/31/2011,9/22/2011,CH,4,0.0144,
72,8/31/2011,9/22/2011,CH,5,0.0129,
73,9/17/2011,9/22/2011,CL,1,0.0022,
64,8/31/2011,9/22/2011,CH,6,0.0413,
64,8/31/2011,9/22/2011,CL,4,0.0304,
70,8/31/2011,9/22/2011,CH,4,0.0093,
70,8/31/2011,9/22/2011,CH,2,0.0070,
70,8/31/2011,9/22/2011,CH,3,0.0027,
70,8/31/2011,9/22/2011,CH,5,0.011,
71,8/31/2011,9/22/2011,CL,1,0.0025,
71,8/31/2011,9/22/2011,CL,1,0.0027,
71,8/31/2011,9/22/2011,CL,2,0.0098,
71,8/31/2011,9/22/2011,CL,2,0.0108,
71,8/31/2011,9/22/2011,CL,2,0.0137,
71,8/31/2011,9/22/2011,CH,3,0.0088,
71,8/31/2011,9/22/2011,CH,4,0.0152,
71,8/31/2011,9/22/2011,CH,6,0.0176,
71,8/31/2011,9/22/2011,CH,3,0.0246,
71,8/31/2011,9/22/2011,CH,3,0.0134,
70,8/31/2011,9/22/2011,CH,5,0.0287,
70,8/31/2011,9/22/2011,CH,3,0.0111,
70,8/31/2011,9/22/2011,CH,4,0.0114,
1,9/17/2011,9/23/2011,CH,2,0.0111,
1,9/17/2011,9/23/2011,CH,2,0.009,
3,9/17/2011,9/23/2011,CH,5,0.0371,
1,9/17/2011,9/23/2011,CH,3,0.0096,
1,9/17/2011,9/23/2011,CH,3,0.0024,
1,9/17/2011,9/23/2011,CH,3,0.0183,
1,9/17/2011,9/23/2011,CH,4,0.0232,
1,9/17/2011,9/23/2011,CH,3,0.014,
1,9/17/2011,9/23/2011,CH,3,0.0218,
2,9/17/2011,9/23/2011,CH,2,0.0095,
2,9/17/2011,9/23/2011,CH,2,0.0106,
1,9/17/2011,9/23/2011,CH,3,0.021,
1,9/17/2011,9/23/2011,CH,3,0.0146,
1,9/17/2011,9/23/2011,CH,2,0.005,
3,9/17/2011,9/23/2011,CL,1,0.0092,
3,9/17/2011,9/23/2011,CL,1,0.007,
2,9/17/2011,9/23/2011,CH,2,0.0082,
2,9/17/2011,9/23/2011,CH,1,0.0068,
2,9/17/2011,9/23/2011,CH,1,0.0073,
2,9/17/2011,9/23/2011,CH,2,0.0126,
2,9/17/2011,9/23/2011,CH,3,0.0199,
2,9/17/2011,9/23/2011,CH,3,0.0178,
2,9/17/2011,9/23/2011,CH,2,0.0148,
2,9/17/2011,9/23/2011,CH,2,0.0111,
8,8/23/2011,9/23/2011,CH,4,0.0244,
11,8/23/2011,9/23/2011,CL,2,0.0166,
8,8/23/2011,9/23/2011,CL,3,0.0125,
8,8/23/2011,9/23/2011,CL,1,0.0088,
8,8/23/2011,9/23/2011,CH,5,0.019,
10,8/23/2011,9/23/2011,CL,3,0.0188,
7,8/23/2011,9/23/2011,CL,3,0.0205,
3,9/17/2011,9/23/2011,CL,2,0.0115,
5,8/23/2011,9/23/2011,CH,3,0.0167,
4,8/23/2011,9/23/2011,CH,1,0.011,
4,8/23/2011,9/23/2011,CL,4,0.0138,
4,8/23/2011,9/23/2011,CH,3,0.009,
2,8/23/2011,9/23/2011,CL,1,0.004,
2,8/23/2011,9/23/2011,CL,1,0.0071,
2,8/23/2011,9/23/2011,CL,1,0.0108,
1,8/23/2011,9/23/2011,CH,6,0.0369,
11,8/23/2011,9/23/2011,CL,2,0.0143,
2,8/23/2011,9/23/2011,CL,2,0.0061,
163,8/24/2011,9/24/2011,CH,4,0.0426,
103,8/24/2011,9/24/2011,CH,2,0.0129,
103,8/24/2011,9/24/2011,CH,4,0.0265,
103,8/24/2011,9/24/2011,CH,5,0.0432,
103,8/24/2011,9/24/2011,CH,6,0.0374,
103,8/24/2011,9/24/2011,CH,3,0.02,
114,8/24/2011,9/24/2011,CH,4,0.0287,
12,8/23/2011,9/24/2011,CL,2,0.011,
110,8/24/2011,9/24/2011,CL,2,0.0031,
110,8/24/2011,9/24/2011,CH,1,0.002,
110,8/24/2011,9/24/2011,CH,2,0.0105,
12,8/23/2011,9/24/2011,CL,2,0.0102,
110,8/24/2011,9/24/2011,CH,4,0.026,
106,8/24/2011,9/24/2011,CH,2,0.0174,
104,8/24/2011,9/24/2011,CL,2,0.0162,
2,8/23/2011,9/24/2011,CH,4,0.0189,
104,8/24/2011,9/24/2011,CL,2,0.0151,
14,8/23/2011,9/24/2011,CL,2,0.0097,
14,8/23/2011,9/24/2011,CL,2,0.085,
14,8/23/2011,9/24/2011,CL,1,0.0044,
12,8/23/2011,9/24/2011,CL,3,0.0237,
114,8/24/2011,9/24/2011,CL,1,0.0097,
107,8/24/2011,9/24/2011,CL,4,0.0342,
9,8/23/2011,9/24/2011,CL,1,0.0103,
9,8/23/2011,9/24/2011,CL,3,1.017,
9,8/23/2011,9/24/2011,CL,2,0.0097,
7,8/23/2011,9/24/2011,CL,2,0.0154,
103,8/24/2011,9/24/2011,CL,2,0.0165,
102,8/24/2011,9/24/2011,CL,4,0.0285,
102,8/24/2011,9/24/2011,CH,4,0.0268,
6,8/23/2011,9/24/2011,CL,1,0.0061,
6,8/23/2011,9/24/2011,CL,1,0.0067,
6,8/23/2011,9/24/2011,CH,3,0.0069,
6,8/23/2011,9/24/2011,CH,4,0.0167,
187,8/26/2011,9/25/2011,CL,3,0.012,
187,8/26/2011,9/25/2011,CL,2,0.016,
187,8/26/2011,9/25/2011,CL,3,0.0199,
187,8/26/2011,9/25/2011,CL,3,0.0196,
187,8/26/2011,9/25/2011,CL,2,0.0149,
186,8/26/2011,9/25/2011,CL,2,0.0094,
185,8/26/2011,9/25/2011,CL,1,0.0063,
118,8/24/2011,9/25/2011,CL,3,0.0175,
184,8/24/2011,9/25/2011,CL,1,0.0049,
184,8/26/2011,9/25/2011,CL,2,0.0129,
183,8/26/2011,9/25/2011,CL,2,0.0138,
185,8/26/2011,9/25/2011,CL,2,0.0122,
183,8/26/2011,9/25/2011,CL,2,0.0101,
183,8/26/2011,9/25/2011,CL,1,0.006,
183,8/26/2011,9/25/2011,CL,3,0.0204,
183,8/26/2011,9/25/2011,CL,3,0.0168,
183,8/26/2011,9/25/2011,CL,2,0.0123,
188,8/26/2011,9/25/2011,CL,3,0.0189,
188,8/26/2011,9/25/2011,CL,1,0.0104,
188,8/26/2011,9/25/2011,CL,2,0.0125,
188,8/26/2011,9/25/2011,CL,1,0.0101,
190,8/26/2011,9/25/2011,CL,1,0.0113,
190,8/26/2011,9/25/2011,CL,2,0.0133,
190,8/26/2011,9/25/2011,CL,2,0.007,
116,8/24/2011,9/25/2011,CH,1,0.0109,
119,8/24/2011,9/25/2011,CL,1,0.0022,
189,8/26/2011,9/25/2011,CH,3,0.0208,
126,8/24/2011,9/25/2011,CH,5,0.0345,
119,8/24/2011,9/25/2011,CL,1,0.0019,
189,8/26/2011,9/25/2011,CL,1,0.0026,
189,8/26/2011,9/25/2011,CL,2,0.0195,
122,8/24/2011,9/25/2011,CL,3,0.0088,
122,8/24/2011,9/25/2011,CH,4,0.017,
121,8/24/2011,9/25/2011,CL,2,0.0185,
122,8/24/2011,9/25/2011,CH,5,0.0232,
187,8/24/2011,9/25/2011,CL,1,0.012,
189,8/24/2011,9/25/2011,CL,3,0.0191,
189,8/26/2011,9/25/2011,CL,2,0.0127,
127,8/24/2011,9/25/2011,CH,6,0.0462,
189,8/26/2011,9/25/2011,CL,3,0.0156,
189,8/26/2011,9/25/2011,CL,1,0.0098,
190,8/26/2011,9/25/2011,CL,3,0.0152,
129,8/26/2011,9/26/2011,CL,3,0.0172,
129,8/26/2011,9/26/2011,CL,5,0.0468,
129,8/26/2011,9/26/2011,CL,2,0.0166,
129,8/26/2011,9/26/2011,CL,3,0.0302,
129,8/26/2011,9/26/2011,CL,3,0.0168,
129,8/26/2011,9/26/2011,CL,3,0.0242,
129,8/26/2011,9/26/2011,CL,3,0.0231,
129,8/26/2011,9/26/2011,CL,2,0.0283,
129,8/26/2011,9/26/2011,CL,3,0.0188,
129,8/26/2011,9/26/2011,CL,2,0.0264,
129,8/26/2011,9/26/2011,CL,3,0.0330,
129,8/26/2011,9/26/2011,CL,7,0.0355,
129,8/26/2011,9/26/2011,CH,6,0.0239,
129,8/26/2011,9/26/2011,CH,5,0.0265,
129,8/26/2011,9/26/2011,CH,5,0.0167,
154,8/26/2011,9/26/2011,CH,1,0.0026,
155,8/26/2011,9/26/2011,CL,2,0.0109,
165,8/26/2011,9/26/2011,CH,4,0.0252,
155,8/26/2011,9/26/2011,CL,3,0.0145,
165,8/26/2011,9/26/2011,CH,1,0.0079,
161,8/26/2011,9/26/2011,CL,2,0.0118,
165,8/26/2011,9/26/2011,CH,2,0.0095,
165,8/26/2011,9/26/2011,CH,5,0.0311,
157,8/26/2011,9/26/2011,CH,5,0.0278,
158,8/26/2011,9/26/2011,CL,2,0.0160,
164,8/26/2011,9/26/2011,CL,1,0.0118,
154,8/26/2011,9/26/2011,CL,2,0.0092,
154,8/26/2011,9/26/2011,CL,2,0.0138,
165,8/26/2011,9/26/2011,CL,1,0.0072,
165,8/26/2011,9/26/2011,CL,2,0.0158,
165,8/26/2011,9/26/2011,CL,3,0.0168,
165,8/26/2011,9/26/2011,CL,3,0.0252,
165,8/26/2011,9/26/2011,CL,1,0.0019,
29,8/26/2011,9/26/2011,CH,2,0.0063,
29,8/26/2011,9/26/2011,CH,5,0.0078,
29,8/26/2011,9/26/2011,CH,5,0.0226,
29,8/26/2011,9/26/2011,CH,2,0.0172,
29,8/26/2011,9/26/2011,CH,5,0.03,
28,8/26/2011,9/26/2011,CH,1,0.0129,
27,8/26/2011,9/26/2011,CL,4,0.0151,
28,8/26/2011,9/26/2011,CL,2,0.0174,
27,8/26/2011,9/26/2011,CL,2,0.0119,
27,8/26/2011,9/26/2011,CL,5,0.024,
27,8/26/2011,9/26/2011,CL,2,0.0056,
27,8/26/2011,9/26/2011,CL,2,0.0073,
27,8/26/2011,9/26/2011,CL,3,0.0123,
27,8/26/2011,9/26/2011,CL,3,0.0098,
27,8/26/2011,9/26/2011,CL,2,0.0084,
26,8/26/2011,9/26/2011,CL,1,0.0048,
24,8/26/2011,9/26/2011,CL,5,0.0247,
22,8/26/2011,9/26/2011,CL,2,0.0171,
22,8/26/2011,9/26/2011,CL,2,0.0093,
22,8/26/2011,9/26/2011,CL,2,0.013,
22,8/26/2011,9/26/2011,CH,4,0.0177,
22,8/26/2011,9/26/2011,CH,3,0.014,
22,8/26/2011,9/26/2011,CH,2,0.0079,
22,8/26/2011,9/26/2011,CH,2,0.0156,
21,8/26/2011,9/26/2011,CH,5,0.0235,
19,8/26/2011,9/26/2011,CH,6,0.0236,
16,8/26/2011,9/26/2011,CL,2,0.0112,
15,8/26/2011,9/26/2011,CL,3,0.0139,
15,8/26/2011,9/26/2011,CH,2,0.0052,
31,8/26/2011,9/26/2011,CL,3,0.0086,
162,8/26/2011,9/26/2011,CH,6,0.0359,
161,8/26/2011,9/26/2011,CL,2,0.0113,
180,8/26/2011,9/26/2011,CL,3,0.0295,
180,8/26/2011,9/26/2011,CH,3,0.0201,
179,8/26/2011,9/26/2011,CL,.,.,NO SEED
177,8/26/2011,9/26/2011,CL,1,0.0084,
177,8/26/2011,9/26/2011,CL,2,0.0166,
31,8/26/2011,9/26/2011,CL,3,0.0104,
31,8/26/2011,9/26/2011,CL,3,0.0116,
179,8/26/2011,9/26/2011,CL,1,0.0021,
31,8/26/2011,9/26/2011,CL,2,0.012,
177,8/26/2011,9/26/2011,CL,3,0.0191,
172,8/26/2011,9/26/2011,CL,3,0.0125,
139,8/31/2011,9/27/2011,CL,3,0.0178,
144,8/31/2011,9/27/2011,CL,2,0.0123,
146,8/31/2011,9/27/2011,CL,2,0.0154,
146,8/31/2011,9/27/2011,CL,1,0.0073,
148,8/31/2011,9/27/2011,CL,2,0.0074,
139,8/31/2011,9/27/2011,CH,4,0.0255,
140,8/31/2011,9/27/2011,CL,2,0.0112,
140,8/31/2011,9/27/2011,CL,2,0.0127,
140,8/31/2011,9/27/2011,CH,3,0.0103,
143,8/31/2011,9/27/2011,CH,4,0.0352,
135,8/31/2011,9/27/2011,CL,2,0.0116,
136,8/31/2011,9/27/2011,CH,4,0.0107,
136,8/31/2011,9/27/2011,CL,1,0.0065,
142,8/31/2011,9/27/2011,CL,2,0.0103,
147,8/31/2011,9/27/2011,CL,1,0.0054,
139,8/31/2011,9/27/2011,CL,1,0.01,
142,8/31/2011,9/27/2011,CH,2,0.005,
144,8/31/2011,9/27/2011,CH,4,0.0218,
144,8/31/2011,9/27/2011,CH,4,0.0099,
145,8/31/2011,9/27/2011,CL,1,0.0078,
139,8/31/2011,9/27/2011,CL,1,0.0092,
139,8/31/2011,9/27/2011,CL,2,0.0103,
142,8/31/2011,9/27/2011,CH,3,0.0149,
146,8/31/2011,9/27/2011,CL,2,0.0129,
146,8/31/2011,9/27/2011,CL,2,0.0033,
139,8/31/2011,9/27/2011,CL,1,0.0065,
139,8/31/2011,9/27/2011,CL,1,0.0028,
146,8/31/2011,9/27/2011,CL,3,0.0178,
148,8/31/2011,9/27/2011,CL,2,0.0099,
147,8/31/2011,9/27/2011,CL,1,0.0057,
143,8/31/2011,9/27/2011,CL,2,0.0085,
139,8/31/2011,9/27/2011,CH,3,0.0133,
139,8/31/2011,9/27/2011,CH,4,0.0227,
138,8/31/2011,9/27/2011,CL,2,0.0057,
140,8/31/2011,9/27/2011,CH,2,0.0054,
140,8/31/2011,9/27/2011,CH,4,0.0137,
139,8/31/2011,9/27/2011,CL,3,0.0239,
138,8/31/2011,9/27/2011,CL,1,0.0074,
136,8/31/2011,9/27/2011,CL,2,0.005,
145,8/31/2011,9/27/2011,CH,2,0.0154,
33,8/31/2011,9/27/2011,CL,2,0.0116,
34,8/31/2011,9/27/2011,CH,3,0.0114,
34,8/31/2011,9/27/2011,CH,2,0.0013,
34,8/31/2011,9/27/2011,CL,2,0.0074,
142,8/31/2011,9/27/2011,CL,3,0.0164,
142,8/31/2011,9/27/2011,CL,2,0.0095,
140,8/31/2011,9/27/2011,CH,3,0.0054,
139,8/31/2011,9/27/2011,CH,3,0.0172,
139,8/31/2011,9/27/2011,CH,4,0.0248,
140,8/31/2011,9/27/2011,CH,3,0.0039,
143,8/31/2011,9/27/2011,CL,2,0.0071,
146,8/31/2011,9/27/2011,CL,2,0.0107,
146,8/31/2011,9/27/2011,CL,2,0.0054,
146,8/31/2011,9/27/2011,CL,1,0.008,
139,8/31/2011,9/27/2011,CL,2,0.0177,
140,8/31/2011,9/27/2011,CH,2,0.0173,
140,8/31/2011,9/27/2011,CH,2,0.0143,
142,8/31/2011,9/27/2011,CH,2,0.0149,
144,8/31/2011,9/27/2011,CL,2,0.0121,
146,8/31/2011,9/27/2011,CL,3,0.0131,
140,8/31/2011,9/27/2011,CH,5,0.0151,
144,8/31/2011,9/27/2011,CH,5,0.0196,
144,8/31/2011,9/27/2011,CL,1,0.0076,
144,8/31/2011,9/27/2011,CL,1,0.07,
146,8/31/2011,9/27/2011,CL,1,0.0056,
71,8/31/2011,9/29/2011,CH,4,0.011,
71,8/31/2011,9/29/2011,CH,4,0.013,
71,8/31/2011,9/29/2011,CH,5,0.0225,
71,8/31/2011,9/29/2011,CH,5,0.0174,
71,8/31/2011,9/29/2011,CH,4,0.0168,
72,8/31/2011,9/29/2011,CH,5,0.0145,
72,8/31/2011,9/29/2011,CH,6,0.0187,
72,8/31/2011,9/29/2011,CH,5,0.0158,
70,8/31/2011,9/29/2011,CH,4,0.0172,
70,8/31/2011,9/29/2011,CL,5,0.0185,
70,8/31/2011,9/29/2011,CH,5,0.0217,
70,8/31/2011,9/29/2011,CH,4,0.0236,
70,8/31/2011,9/29/2011,CH,4,0.022,
70,8/31/2011,9/29/2011,CH,3,0.0154,
70,8/31/2011,9/29/2011,CH,5,0.0069,
70,8/31/2011,9/29/2011,CH,3,0.0049,
70,8/31/2011,9/29/2011,CH,4,0.0163,
70,8/31/2011,9/29/2011,CH,2,0.0112,
70,8/31/2011,9/29/2011,CH,5,0.0117,
70,8/31/2011,9/29/2011,CH,4,0.0142,
70,8/31/2011,9/29/2011,CH,5,0.0289,
70,8/31/2011,9/29/2011,CH,2,0.0033,
70,8/31/2011,9/29/2011,CH,1,0.0068,
70,8/31/2011,9/29/2011,CH,5,0.0108,
70,8/31/2011,9/29/2011,CH,1,0.0018,
59,8/31/2011,9/29/2011,CH,6,0.0391,
59,8/31/2011,9/29/2011,CH,3,0.0186,
59,8/31/2011,9/29/2011,CH,3,0.0119,
59,8/31/2011,9/29/2011,CH,5,0.0189,
66,8/31/2011,9/29/2011,CL,2,0.0141,
59,8/31/2011,9/29/2011,CH,4,0.0188,
70,8/31/2011,9/29/2011,CH,6,0.011,
78,8/31/2011,9/29/2011,CH,5,0.0146,
78,8/31/2011,9/29/2011,CH,3,0.013,
78,8/31/2011,9/29/2011,CH,5,0.0233,
94,8/31/2011,9/29/2011,CL,2,0.0116,
94,8/31/2011,9/29/2011,CH,3,0.006,
94,8/31/2011,9/29/2011,CH,3,0.0173,
94,8/31/2011,9/29/2011,CH,3,0.0126,
94,8/31/2011,9/29/2011,CH,3,0.0112,
94,8/31/2011,9/29/2011,CH,2,0.0053,
92,8/31/2011,9/29/2011,CL,2,0.0054,
94,8/31/2011,9/29/2011,CH,2,0.0026,
95,8/31/2011,9/29/2011,CL,3,0.0078,
95,8/31/2011,9/29/2011,CL,2,0.0026,
95,8/31/2011,9/29/2011,CH,3,0.0152,
99,8/31/2011,9/29/2011,CL,2,0.0073,
97,8/31/2011,9/29/2011,CL,2,0.0164,
99,8/31/2011,9/29/2011,CL,2,0.0129,
99,8/31/2011,9/29/2011,CL,1,0.0061,
49,8/31/2011,9/29/2011,CL,1,0.0047,
79,8/31/2011,9/29/2011,CH,5,0.0191,
79,8/31/2011,9/29/2011,CH,4,0.0183,
79,8/31/2011,9/29/2011,CH,2,0.0147,
79,8/31/2011,9/29/2011,CH,1,0.0062,
80,8/31/2011,9/29/2011,CH,3,0.0086,
58,8/31/2011,9/29/2011,CH,3,0.0296,
58,8/31/2011,9/29/2011,CH,5,0.0215,
58,8/31/2011,9/29/2011,CH,5,0.0375,
58,8/31/2011,9/29/2011,CH,4,0.0389,
58,8/31/2011,9/29/2011,CH,5,0.0165,
58,8/31/2011,9/29/2011,CH,2,0.0069,
58,8/31/2011,9/29/2011,CH,5,0.0197,
58,8/31/2011,9/29/2011,CH,5,0.0304,
58,8/31/2011,9/29/2011,CH,5,0.0231,
58,8/31/2011,9/29/2011,CL,2,0.0056,
59,8/31/2011,9/29/2011,CH,6,0.0321,
61,8/31/2011,9/29/2011,CH,4,0.0268,
61,8/31/2011,9/29/2011,CL,2,0.02,
61,8/31/2011,9/29/2011,CL,3,0.0199,
61,8/31/2011,9/29/2011,CL,2,0.0083,
61,8/31/2011,9/29/2011,CL,2,0.0144,
5,9/17/2011,9/20/2011,CH,6,0.0331,
5,9/17/2011,9/20/2011,CH,2,0.0091,
5,9/17/2011,9/20/2011,CH,2,0.0176,
5,9/17/2011,9/20/2011,CH,5,0.0287,
5,9/17/2011,9/20/2011,CH,6,0.0451,
5,9/17/2011,9/20/2011,CH,6,0.0278,
129,8/26/2011,9/20/2011,CL,3,0.0163,
4,9/17/2011,9/20/2011,CH,3,0.0245,
4,9/17/2011,9/20/2011,CH,2,0.0152,
4,9/17/2011,9/20/2011,CH,3,0.0192,
4,9/17/2011,9/20/2011,CH,3,0.0154,
4,9/17/2011,9/20/2011,CH,4,0.0171,
4,9/17/2011,9/20/2011,CH,4,0.0296,
4,9/17/2011,9/20/2011,CH,1,0.0096,
4,9/17/2011,9/20/2011, CL,1,0.0078,
4,9/17/2011,9/20/2011,CL,1,0.0063,
4,9/17/2011,9/20/2011,CL,2,0.0171,
4,9/17/2011,9/20/2011,CL,1,0.0091,
4,9/17/2011,9/20/2011,CL,2,0.0117,
4,9/17/2011,9/20/2011,CL,2,0.0195,
4,9/17/2011,9/20/2011,CL,2,0.0159,
3,9/17/2011,9/20/2011,CH,2,0.0113,
3,9/17/2011,9/20/2011,CH,2,0.0117,
129,6/26/2011,9/20/2011,CH,7,0.0572,
129,8/26/2011,9/20/2011,CH,5,0.0491,
152,8/26/2011,9/20/2011,CL,2,0.0106,
3,9/17/2011,9/20/2011,CH,1,0.0048,
2,9/17/2011,9/20/2011,CL,1,0.0057,
2,9/17/2011,9/20/2011,CL,1,0.0067,
2,9/17/2011,9/20/2011,CL,1,0.006,
2,9/17/2011,9/20/2011,CL,1,0.0083,
2,9/17/2011,9/20/2011,CL,1,0.0061,
129,8/26/2011,9/20/2011,CH,1,0.0101,
129,8/26/2011,9/20/2011,CH,4,0.0349,
134,8/26/2011,9/20/2011,CL,2,0.0175,
133,8/26/2011,9/20/2011,CL,3,0.0136,
132,8/26/2011,9/20/2011,CL,3,0.0098,
132,8/26/2011,9/20/2011,CH,5,0.0191,
131,8/26/2011,9/20/2011,CL,6,0.0279,
131,8/26/2011,9/20/2011,CL,3,0.0161,
130,8/26/2011,9/20/2011,CL,5,0.0256,
130,8/26/2011,9/20/2011,CL,1,0.0053,
123,8/26/2011,9/20/2011,CH,5,0.0231,
128,8/26/2011,9/20/2011,CL,2,0.0159,
128,8/26/2011,9/20/2011,CL,1,0.0086,
128,8/26/2011,9/20/2011,CH,5,0.0463,
128,8/26/2011,9/20/2011,CH,3,0.0166,
128,8/26/2011,9/20/2011,CH,2,0.0109,
40,8/31/2011,10/3/2011,CH,3,0.0059,
40,8/31/2011,10/3/2011,CH,3,0.0119,
40,8/31/2011,10/3/2011,CH,4,0.0152,
40,8/31/2011,10/3/2011,CL,1,0.0034,
40,8/31/2011,10/3/2011,CL,2,0.0026,
40,8/31/2011,10/3/2011,CH,4,0.0021,
40,8/31/2011,10/3/2011,CH,3,0.005,
38,8/31/2011,10/3/2011,CL,2,0.0061,
38,8/31/2011,10/3/2011,CL,1,0.007,
37,8/31/2011,10/3/2011,CL,1,0.004,
36,8/31/2011,10/3/2011,CL,1,0.0095,
58,8/31/2011,10/6/2011,CH,4,0.0224,
56,8/31/2011,10/6/2011,CH,5,0.0186,
56,8/31/2011,10/6/2011,CH,6,0.0312,
56,8/31/2011,10/6/2011,CL,2,0.0139,
56,8/31/2011,10/6/2011,CL,4,0.009,
56,8/31/2011,10/6/2011,CL,5,0.0164,
56,8/31/2011,10/6/2011,CL,3,0.0101,
55,8/31/2011,10/6/2011,CL,3,0.0157,
54,8/31/2011,10/6/2011,CH,4,0.0272,
54,8/31/2011,10/6/2011,CH,5,0.0348,
54,8/31/2011,10/6/2011,CL,4,0.0287,
53,8/31/2011,10/6/2011,CH,5,0.0225,
52,8/31/2011,10/6/2011,CL,3,0.0156,
52,8/31/2011,10/6/2011,CL,3,0.0231,
52,8/31/2011,10/6/2011,CL,2,0.0087,
51,8/31/2011,10/6/2011,CL,2,0.0111,
29,8/31/2011,10/6/2011,CH,4,0.0089,
80,8/31/2011,10/6/2011,CH,3,0.0078,
57,8/31/2011,10/6/2011,CL,6,0.0218,
57,8/31/2011,10/6/2011,CH,6,0.012,
57,8/31/2011,10/6/2011,CH,4,0.0287,
57,8/31/2011,10/6/2011,CH,4,0.0122,
85,8/31/2011,10/6/2011,CH,5,0.0233,
85,8/31/2011,10/6/2011,CL,2,0.0096,
85,8/31/2011,10/6/2011,CL,1,0.0068,
84,8/31/2011,10/6/2011,CH,6,0.0197,
84,8/31/2011,10/6/2011,CH,3,0.0191,
82,8/31/2011,10/6/2011,CH,3,0.012,
83,8/31/2011,10/6/2011,CH,2,0.0123,
84,8/31/2011,10/6/2011,CH,1,0.0038,
84,8/31/2011,10/6/2011,CL,1,0.0068,
84,8/31/2011,10/6/2011,CL,2,0.0077,
84,8/31/2011,10/6/2011,CH,3,0.019,
84,8/31/2011,10/6/2011,CH,3,0.0178,
84,8/31/2011,10/6/2011,CH,3,0.0118,
60,8/31/2011,10/6/2011,CL,2,0.0131,
198,8/31/2011,10/11/2011,CL,2,0.0089,
198,8/31/2011,10/11/2011,CL,2,0.014,
198,8/31/2011,10/11/2011,CL,1,0.0071,
198,8/31/2011,10/11/2011,CL,2,0.01,
198,8/31/2011,10/11/2011,CH,4,0.0162,
197,8/31/2011,10/11/2011,CH,2,0.0119,
197,8/31/2011,10/11/2011,CL,3,0.017,
196,8/31/2011,10/11/2011,CL,1,0.0085,
196,8/31/2011,10/11/2011,CL,2,0.0116,
195,8/31/2011,10/11/2011,CL,2,0.0104,
196,8/31/2011,10/11/2011,CH,3,0.0177,
196,8/31/2011,10/11/2011,CH,4,0.0107,
195,8/31/2011,10/11/2011,CL,1,0.0098,
195,8/31/2011,10/11/2011,CL,3,0.0222,
193,8/31/2011,10/11/2011,CL,3,0.0238,
67,8/31/2011,10/11/2011,CL,2,0.0102,
67,8/31/2011,10/11/2011,CL,2,0.009,
60,8/31/2011,10/11/2011,CL,2,0.0103,
60,8/31/2011,10/11/2011,CH,5,0.0243,
60,8/31/2011,10/11/2011,CH,4,0.0232,
191,8/31/2011,10/11/2011,CH,5,0.0297,
191,8/31/2011,10/11/2011,CH,4,0.0283,
191,8/31/2011,10/11/2011,CL,3,0.0163,
40,8/31/2011,10/11/2011,CL,1,0.0057,
41,8/31/2011,10/11/2011,CL,1,0.0055,
35,8/31/2011,10/11/2011,CH,1,0.0031,
139,8/31/2011,10/11/2011,CH,2,0.0054,
139,8/31/2011,10/11/2011,CH,4,0.0204,
146,8/31/2011,10/11/2011,CL,1,0.0075,
191,8/31/2011,10/11/2011,CL,1,0.0062,
137,8/31/2011,10/11/2011,CL,2,0.0081,
137,8/31/2011,10/11/2011,CL,1,0.0042,
139,8/31/2011,10/11/2011,CH,1,0.0049,
140,8/31/2011,10/11/2011,CL,1,0.0051,
144,8/31/2011,10/11/2011,CH,2,0.0094,
148,8/31/2011,10/11/2011,CL,2,0.0139,
28,8/31/2011,10/13/2011,CH,4,0.0123,
37,8/31/2011,10/13/2011,CH,1,0.0032,
37,8/31/2011,10/13/2011,CH,4,0.017,
67,8/31/2011,10/13/2011,CL,5,0.0292,
67,8/31/2011,10/13/2011,CL,3,0.0136,
60,8/31/2011,10/13/2011,CL,3,0.0117,
60,8/31/2011,10/13/2011,CL,1,0.0128,
60,8/31/2011,10/13/2011,CL,3,0.0115,
60,8/31/2011,10/13/2011,CL,2,0.0098,
60,8/31/2011,10/13/2011,CL,2,0.0145,
35,8/31/2011,10/13/2011,CL,1,0.006,
35,8/31/2011,10/13/2011,CL,1,0.0056,
36,8/31/2011,10/13/2011,CL,2,0.0063,
36,8/31/2011,10/13/2011,CL,2,0.0077,
36,8/31/2011,10/13/2011,CL,3,0.0148,
58,8/31/2011,10/13/2011,CH,4,0.0209,
87,8/31/2011,10/13/2011,CH,2,0.0152,
88,8/31/2011,10/13/2011,CH,5,0.0179,
88,8/31/2011,10/13/2011,CL,2,0.0126,
88,8/31/2011,10/13/2011,CL,3,0.0144,
58,8/31/2011,10/13/2011,CH,3,0.0153,
58,8/31/2011,10/13/2011,CH,6,0.0305,
37,8/31/2011,10/18/2011,CH,3,0.0044,
80,8/31/2011,10/18/2011,CH,5,0.0086,
89,8/31/2011,10/18/2011,CL,2,0.01,
90,8/31/2011,10/18/2011,CL,2,0.0069,
90,8/31/2011,10/18/2011,CL,3,0.003,
57,8/31/2011,10/18/2011,CH,4,0.0205,
57,8/31/2011,10/18/2011,CH,5,0.026,
58,8/31/2011,10/18/2011,CH,4,0.0196,
198,8/31/2011,10/18/2011,CL,1,0.0049,
199,8/31/2011,10/18/2011,CH,3,0.019,
58,8/31/2011,10/18/2011,CH,4,0.0159,
69,8/31/2011,10/18/2011,CH,3,0.0213,
69,8/31/2011,10/18/2011,CH,2,0.0096,
69,8/31/2011,10/18/2011,CL,1,0.0078,
69,8/31/2011,10/18/2011,CL,2,0.0132,
36,8/31/2011,10/18/2011,CL,2,0.0092,
58,8/31/2011,10/18/2011,CH,4,0.0288,
139,8/31/2011,10/18/2011,CH,3,0.0155,
139,8/31/2011,10/18/2011,CH,5,0.0256,
145,8/31/2011,10/18/2011,CL,2,0.0189,
88,8/31/2011,10/24/2011,CL,2,0.0075,
58,8/31/2011,10/24/2011,CL,3,0.0204,
53,8/31/2011,10/24/2011,CH,5,0.0366,
53,8/31/2011,10/24/2011,CH,5,0.0396,
53,8/31/2011,10/24/2011,CH,6,0.0321,
87,8/31/2011,10/24/2011,CH,3,0.0133,
80,8/31/2011,10/24/2011,CH,5,0.0106,
67,8/31/2011,10/24/2011,CH,6,0.0339,
60,8/31/2011,10/24/2011,CH,4,0.0181,
60,8/31/2011,10/24/2011,CH,4,0.0391,two fruits
61,8/31/2011,10/24/2011,CH,5,0.0249,
61,8/31/2011,10/24/2011,CH,4,0.0176,
80,8/31/2011,10/24/2011,CH,3,0.0152,
53,8/31/2011,10/24/2011,CH,4,0.0278,
61,8/31/2011,10/24/2011,CH,5,0.0312,
53,8/31/2011,10/24/2011,CH,4,0.0395,
53,8/31/2011,10/24/2011,CH,4,0.0368,
53,8/31/2011,10/24/2011,CH,6,0.0327,
91,8/31/2011,10/24/2011,CL,5,0.0068,VERY THIN
58,8/31/2011,10/24/2011,CH,5,0.0222,
60,8/31/2011,10/24/2011,CH,3,0.0162,
53,8/31/2011,10/24/2011,CH,4,0.0241,
58,8/31/2011,10/24/2011,CH,5,0.0349,
70,8/31/2011,10/24/2011,CH,3,0.0037,VERY THIN
61,8/31/2011,10/24/2011,CH,3,0.0172,
48,8/31/2011,10/24/2011,CH,3,0.0142,
35,8/31/2011,10/27/2011,CH,3,0.0063,
35,8/31/2011,10/27/2011,CL,1,0.006,
41,8/31/2011,10/27/2011,CL,1,0.0047,
41,8/31/2011,10/27/2011,CL,1,0.0088,
41,8/31/2011,10/27/2011,CL,1,0.0089,
42,8/31/2011,10/27/2011,CL,1,0.0056,
43,8/31/2011,10/27/2011,CL,1,0.0029,
48,8/31/2011,10/27/2011,CL,1,0.0032,
48,8/31/2011,10/27/2011,CL,1,0.0038,
100,8/31/2011,10/27/2011,CL,2,0.005,
44,8/31/2011,10/27/2011,CH,3,0.0117,
44,8/31/2011,10/27/2011,CL,1,0.0032,
44,8/31/2011,10/27/2011,CL,2,0.0026,
44,8/31/2011,10/27/2011,CL,1,0.0062,
60,8/31/2011,10/27/2011,CL,2,0.0075,
48,9/27/2011,11/1/2011,CL,1,0.0032,
48,9/27/2011,11/1/2011,CL,1,0.0064,
48,9/27/2011,11/1/2011,CL,1,0.0034,
48,9/27/2011,11/1/2011,CL,1,0.0046,
48,9/27/2011,11/1/2011,CL,1,0.0033,
48,9/27/2011,11/1/2011,CL,1,0.0031,
48,9/27/2011,11/1/2011,CL,1,0.0041,
48,9/27/2011,11/1/2011,CL,1,0.0066,
48,9/27/2011,11/1/2011,CL,1,0.0047,
48,9/27/2011,11/1/2011,CL,1,0.0055,
48,9/27/2011,11/1/2011,CL,1,0.0073,
48,9/27/2011,11/1/2011,CL,1,0.005,
48,9/27/2011,11/1/2011,CL,1,0.0063,
48,9/27/2011,11/1/2011,CL,1,0.0065,
48,9/27/2011,11/1/2011,CL,1,0.0068,
48,9/27/2011,11/1/2011,CL,1,0.0063,
48,9/27/2011,11/1/2011,CL,1,0.0047,
48,9/27/2011,11/1/2011,CL,1,0.0057,
48,9/27/2011,11/1/2011,CL,2,0.0098,
48,9/27/2011,11/1/2011,CL,1,0.0056,
48,9/27/2011,11/1/2011,CH,1,0.0038,
48,9/27/2011,11/1/2011,CH,3,0.0071,
9,9/27/2011,11/1/2011,CH,2,0.0143,
9,9/27/2011,11/1/2011,CH,3,0.0207,
9,9/27/2011,11/1/2011,CH,4,0.0333,
46,8/31/2011,11/1/2011,CL,1,0.00471,
44,8/31/2011,11/1/2011,CL,1,0.00858,
48,8/31/2011,11/1/2011,CL,1,0.0056,
48,8/31/2011,11/1/2011,CL,2,0.00349,
48,8/31/2011,11/1/2011,CL,2,0.00921,
99,8/31/2011,11/1/2011,CH,3,0.00305,
87,8/31/2011,11/1/2011,CH,3,0.01037,
60,8/31/2011,11/1/2011,CL,2,0.01362,
81,8/31/2011,11/1/2011,CH,4,0.02133,
85,8/31/2011,11/1/2011,CH,3,0.00388,
81,8/31/2011,11/1/2011,CH,2,0.00779,
88,8/31/2011,11/1/2011,CL,3,0.00646,TWO SEEDS ARE VERY SMALL
89,8/31/2011,11/1/2011,CL,2,0.00866,
61,8/31/2011,11/1/2011,CH,4,0.01831,
82,8/31/2011,11/1/2011,CL,2,0.00711,
94,8/31/2011,11/1/2011,CL,1,0.00321,
174,8/26/2011,11/1/2011,CH,5,0.03921,
10,9/27/2011,11/1/2011,CH,3,0.01885,
107,8/24/2011,11/1/2011,CL,3,0.01918,
9,9/27/2011,11/1/2011,CH,3,0.02779,
8,9/25/2011,11/1/2011,CH,3,0.02562,
31,8/26/2011,11/1/2011,CL,4,0.03103,
110,8/24/2011,11/1/2011,CL,2,0.01752,
7,9/25/2011,11/1/2011,CH,2,0.01411,
7,9/25/2011,11/1/2011,CH,4,0.02559,
8,9/25/2011,11/1/2011,CH,2,0.01458,
8,9/25/2011,11/1/2011,CH,3,0.01612,
7,9/25/2011,11/1/2011,CH,2,0.01699,
9,9/27/2011,11/1/2011,CH,2,0.01971,
7,9/25/2011,11/1/2011,CH,3,0.02556,
8,9/25/2011,11/1/2011,CH,3,0.02917,
7,9/25/2011,11/1/2011,CH,3,0.02851,
7,9/25/2011,11/1/2011,CH,3,0.01874,
8,9/25/2011,11/1/2011,CH,3,0.01619,
8,9/25/2011,11/1/2011,CH,3,0.02082,
8,9/25/2011,11/1/2011,CH,3,0.02696,
8,9/25/2011,11/1/2011,CH,3,0.01934,
8,9/25/2011,11/1/2011,CH,3,0.0181,
8,9/25/2011,11/1/2011,CH,3,0.0221,
8,9/25/2011,11/1/2011,CH,3,0.0288,
8,9/25/2011,11/1/2011,CH,1,0.0094,
8,9/25/2011,11/1/2011,CH,2,0.0182,
8,9/25/2011,11/1/2011,CH,4,0.0229,
8,9/25/2011,11/1/2011,CH,3,0.0205,
7,9/25/2011,11/1/2011,CH,5,0.0245,
8,9/25/2011,11/1/2011,CH,3,0.0263,
8,9/25/2011,11/1/2011,CH,5,0.0208,
8,9/25/2011,11/1/2011,CH,3,0.0064,
8,9/25/2011,11/1/2011,CH,3,0.0186,
8,9/25/2011,11/1/2011,CH,4,0.0163,
8,9/25/2011,11/1/2011,CH,3,0.0224,
8,9/25/2011,11/1/2011,CH,6,0.0285,
8,9/25/2011,11/1/2011,CH,3,0.0217,
8,9/25/2011,11/1/2011,CH,3,0.0141,
8,9/25/2011,11/1/2011,CH,3,0.0266,
8,9/25/2011,11/1/2011,CH,2,0.0167,
7,9/25/2011,11/1/2011,CH,4,0.0317,
8,9/25/2011,11/1/2011,CH,3,0.0264,
8,9/25/2011,11/1/2011,CH,5,0.0276,
7,9/25/2011,11/1/2011,CH,4,0.0223,
8,9/25/2011,11/1/2011,CH,3,0.0213,
8,9/25/2011,11/1/2011,CH,3,0.0239,
8,9/25/2011,11/1/2011,CH,2,0.0183,
8,9/25/2011,11/1/2011,CH,2,0.0156,
8,9/25/2011,11/1/2011,CH,2,0.0137,
8,9/25/2011,11/1/2011,CH,3,0.0175,
8,9/25/2011,11/1/2011,CH,3,0.0139,
6,9/25/2011,11/1/2011,CH,2,0.0081,
9,9/27/2011,11/1/2011,CH,2,0.0197,
7,9/25/2011,11/1/2011,CH,5,0.0261,
7,9/25/2011,11/1/2011,CH,4,0.0322,
7,9/25/2011,11/1/2011,CH,4,0.0385,
7,9/25/2011,11/1/2011,CH,3,0.0205,
7,9/25/2011,11/1/2011,CH,2,0.0136,
7,9/25/2011,11/1/2011,CH,5,0.0316,
7,9/25/2011,11/1/2011,CH,5,0.0321,
7,9/25/2011,11/1/2011,CH,3,0.0155,
7,9/25/2011,11/1/2011,CH,3,0.0204,
7,9/25/2011,11/1/2011,CH,3,0.0191,
8,9/25/2011,11/1/2011,CH,2,0.0152,
7,9/25/2011,11/1/2011,CH,4,0.0346,
7,9/25/2011,11/1/2011,CH,5,0.0308,
7,9/25/2011,11/1/2011,CH,3,0.0159,
7,9/25/2011,11/1/2011,CH,4,0.0205,
7,9/25/2011,11/1/2011,CH,1,0.0051,
7,9/25/2011,11/1/2011,CH,4,0.0191,
7,9/25/2011,11/1/2011,CH,5,0.0241,
7,9/25/2011,11/1/2011,CH,3,0.0246,
8,9/25/2011,11/1/2011,CH,3,0.0308,
8,9/25/2011,11/1/2011,CH,3,0.0311,
8,9/25/2011,11/1/2011,CH,3,0.0148,
8,9/25/2011,11/1/2011,CH,3,0.0209,
8,9/25/2011,11/1/2011,CH,3,0.0237,
9,9/27/2011,11/2/2011,CH,5,0.0305,
7,9/25/2011,11/2/2011,CH,4,0.0095,
8,9/25/2011,11/2/2011,CH,3,0.0196,
7,9/25/2011,11/2/2011,CH,2,0.0051,
8,9/25/2011,11/2/2011,CH,2,0.0164,
7,9/25/2011,11/2/2011,CH,6,0.0283,
6,9/25/2011,11/2/2011,CH,2,0.0074,
6,9/25/2011,11/2/2011,CH,2,0.0156,
7,9/25/2011,11/2/2011,CL,2,0.0139,
7,9/25/2011,11/2/2011,CH,2,0.0191,
7,9/25/2011,11/2/2011,CH,3,0.0152,
7,9/25/2011,11/2/2011,CH,1,0.0104,
7,9/25/2011,11/2/2011,CH,3,0.0181,
7,9/25/2011,11/2/2011,CH,2,0.0191,
7,9/25/2011,11/2/2011,CL,2,0.0107,
8,9/25/2011,11/2/2011,CH,3,0.0146,
7,9/25/2011,11/2/2011,CL,2,0.0167,
49,9/27/2011,11/2/2011,CH,2,0.0156,
10,9/27/2011,11/2/2011,CL,1,0.0067,
10,9/27/2011,11/2/2011,CL,1,0.0063,
10,9/27/2011,11/2/2011,CL,1,0.0032,
99,9/27/2011,11/2/2011,CL,1,0.0105,
99,9/27/2011,11/2/2011,CL,1,0.0078,
99,9/27/2011,11/2/2011,CL,1,0.0051,
99,9/27/2011,11/2/2011,CL,1,0.0096,
99,9/27/2011,11/2/2011,CL,1,0.0074,
99,9/27/2011,11/2/2011,CL,1,0.0082,
99,9/27/2011,11/2/2011,CL,1,0.0059,
99,9/27/2011,11/2/2011,CL,1,0.0081,
99,9/27/2011,11/2/2011,CL,1,0.0052,
99,9/27/2011,11/2/2011,CL,1,0.0081,
99,9/27/2011,11/2/2011,CL,1,0.0071,
99,9/27/2011,11/2/2011,CL,1,0.0054,
99,9/27/2011,11/2/2011,CL,1,0.0095,
99,9/27/2011,11/2/2011,CL,1,0.0047,
99,9/27/2011,11/2/2011,CL,1,0.0076,
6,9/25/2011,11/3/2011,CL,1,0.0054,
7,9/25/2011,11/3/2011,CL,1,0.0089,
7,9/25/2011,11/3/2011,CL,1,0.0067,
31,8/26/2011,11/3/2011,CL,3,0.0211,
99,9/27/2011,11/3/2011,CL,1,0.0073,
99,9/27/2011,11/3/2011,CL,1,0.0052,
10,9/27/2011,11/3/2011,CH,4,0.0175,
10,9/27/2011,11/3/2011,CL,2,0.0081,
10,9/27/2011,11/3/2011,CL,1,0.0064,
10,9/27/2011,11/3/2011,CL,1,0.0046,
10,9/27/2011,11/3/2011,CL,1,0.0057,
10,9/27/2011,11/3/2011,CL,1,0.0048,
10,9/27/2011,11/3/2011,CH,2,0.0066,
10,9/27/2011,11/3/2011,CL,1,0.0027,
10,9/27/2011,11/3/2011,CH,1,0.0071,
10,9/27/2011,11/3/2011,CH,2,0.0121,
99,9/27/2011,11/3/2011,CH,1,0.0096,
99,9/27/2011,11/3/2011,CH,1,0.0086,
9,9/27/2011,11/3/2011,CH,3,0.0181,
9,9/27/2011,11/3/2011,CH,5,0.0281,
9,9/27/2011,11/3/2011,CH,2,0.0102,
9,9/27/2011,11/3/2011,CH,2,0.0177,
99,9/27/2011,11/3/2011,CL,1,0.0081,
99,9/27/2011,11/3/2011,CL,1,0.0061,
9,9/27/2011,11/3/2011,CH,6,0.0449,
99,9/27/2011,11/3/2011,CL,1,0.0047,
96,9/27/2011,11/3/2011,CH,3,0.0248,
9,9/27/2011,11/3/2011,CH,3,0.0158,
9,9/27/2011,11/3/2011,CH,4,0.0192,
9,9/27/2011,11/3/2011,CH,3,0.0221,
9,9/27/2011,11/3/2011,CH,3,0.0161,
9,9/27/2011,11/3/2011,CH,4,0.0252,
7,9/25/2011,11/3/2011,CH,4,0.0122,
7,9/25/2011,11/3/2011,CH,4,0.0303,
6,9/25/2011,11/7/2011,CH,2,0.0081,
6,9/25/2011,11/7/2011,CH,1,0.0078,
9,9/27/2011,11/7/2011,CH,2,0.0152,
9,9/27/2011,11/7/2011,CH,4,0.0159,
9,9/27/2011,11/7/2011,CH,4,0.0096,
7,9/25/2011,11/7/2011,CL,1,0.0061,
7,9/25/2011,11/7/2011,CL,1,0.0076,
7,9/25/2011,11/7/2011,CL,2,0.0156,
7,9/25/2011,11/7/2011,CL,1,0.0055,
7,9/25/2011,11/7/2011,CL,1,0.0084,
7,9/25/2011,11/7/2011,CH,3,0.0221,
9,9/27/2011,11/7/2011,CH,2,0.0177,
9,9/27/2011,11/7/2011,CH,4,0.0329,
99,9/27/2011,11/7/2011,CL,1,0.0079,
99,9/27/2011,11/7/2011,CL,1,0.0061,
8,9/25/2011,11/7/2011,CL,1,0.0075,
8,9/25/2011,11/7/2011,CL,2,0.0145,
8,9/25/2011,11/7/2011,CL,2,0.0135,
8,9/25/2011,11/7/2011,CL,2,0.0113,
8,9/25/2011,11/7/2011,CL,1,0.0044,
8,9/25/2011,11/7/2011,CL,1,0.0073,
8,9/25/2011,11/7/2011,CL,1,0.0082,
8,9/25/2011,11/7/2011,CL,1,0.008,
8,9/25/2011,11/7/2011,CL,2,0.0107,
8,9/25/2011,11/7/2011,CL,2,0.0093,
8,9/25/2011,11/7/2011,CL,1,0.0049,
8,9/25/2011,11/7/2011,CL,1,0.0068,
8,9/25/2011,11/7/2011,CL,1,0.008,
8,9/25/2011,11/7/2011,CL,1,0.0056,
8,9/25/2011,11/7/2011,CL,1,0.0092,
7,9/25/2011,11/7/2011,CH,5,0.0192,
7,9/25/2011,11/7/2011,CL,2,0.0095,
7,9/25/2011,11/7/2011,CL,2,0.0152,
8,9/25/2011,11/7/2011,CL,1,0.0067,
8,9/25/2011,11/7/2011,CL,1,0.0062,
8,9/25/2011,11/7/2011,CL,1,0.0055,
6,9/25/2011,11/7/2011,CL,1,0.008,
6,9/25/2011,11/7/2011,CL,1,0.0031,
6,9/25/2011,11/7/2011,CL,1,0.0053,
6,9/25/2011,11/7/2011,CL,1,0.0044,
7,9/25/2011,11/7/2011,CH,3,0.024,
7,9/25/2011,11/7/2011,CH,4,0.0127,
49,9/27/2011,11/7/2011,CH,2,0.0143,
49,9/27/2011,11/7/2011,CH,2,0.0091,
49,9/27/2011,11/7/2011,CH,2,0.0146,
49,9/27/2011,11/7/2011,CH,2,0.0102,
49,9/27/2011,11/7/2011,CH,3,0.0161,
99,9/27/2011,11/7/2011,CL,1,0.0069,
99,9/27/2011,11/7/2011,CL,1,0.0064,
48,9/27/2011,11/7/2011,CH,3,0.0169,
9,9/27/2011,11/7/2011,CL,2,0.0164,
9,9/27/2011,11/7/2011,CH,3,0.0168,
10,9/27/2011,11/7/2011,CH,1,0.0069,
9,9/27/2011,11/7/2011,CH,4,0.0337,
9,9/27/2011,11/7/2011,CH,3,0.0187,
49,9/27/2011,11/7/2011,CL,1,0.0043,
49,9/27/2011,11/7/2011,CL,1,0.0055,
96,9/27/2011,11/7/2011,CH,4,0.0276,
49,9/27/2011,11/7/2011,CH,2,0.0136,
9,9/27/2011,11/7/2011,CH,5,0.0381,
49,9/27/2011,11/7/2011,CH,4,0.0281,
7,9/25/2011,11/7/2011,CH,3,0.0161,
7,9/25/2011,11/7/2011,CL,1,0.0078,
6,9/25/2011,11/7/2011,CH,2,0.0132,
8,9/25/2011,11/7/2011,CH,4,0.0191,
6,9/25/2011,11/7/2011,CH,2,0.0147,
6,9/25/2011,11/7/2011,CH,2,0.0101,
6,9/25/2011,11/7/2011,CH,2,0.0164,
6,9/25/2011,11/7/2011,CH,1,0.0091,
6,9/25/2011,11/7/2011,CH,1,0.0081,
6,9/25/2011,11/7/2011,CH,1,0.0012,VERY THIN
6,9/25/2011,11/7/2011,CH,2,0.0121,
6,9/25/2011,11/7/2011,CH,2,0.0088,
6,9/25/2011,11/7/2011,CH,2,0.0105,
6,9/25/2011,11/7/2011,CH,1,0.0067,
6,9/25/2011,11/7/2011,CH,1,0.0065,
6,9/25/2011,11/7/2011,CL,1,0.0039,
6,9/25/2011,11/7/2011,CL,1,0.0047,
118,8/24/2011,11/8/2011,CH,3,0.022,
118,8/24/2011,11/8/2011,CH,5,0.0353,
118,8/24/2011,11/8/2011,CL,2,0.0149,
127,8/24/2011,11/8/2011,CL,1,0.0058,
127,8/24/2011,11/8/2011,CL,2,0.0116,
118,8/24/2011,11/8/2011,CL,3,0.0242,
124,8/24/2011,11/8/2011,CH,4,0.0271,
124,8/24/2011,11/8/2011,CH,2,0.0189,
127,8/24/2011,11/8/2011,CH,4,0.0429,
127,8/24/2011,11/8/2011,CL,3,0.0197,
116,8/24/2011,11/8/2011,CH,4,0.027,
116,8/24/2011,11/8/2011,CL,2,0.0042,
127,8/24/2011,11/8/2011,CL,2,0.019,
187,8/26/2011,11/8/2011,CL,1,0.0077,
187,8/26/2011,11/8/2011,CL,2,0.0151,
9,9/27/2011,11/8/2011,CL,1,0.0082,
9,9/27/2011,11/8/2011,CL,2,0.0141,
9,9/27/2011,11/8/2011,CL,2,0.0108,
9,9/27/2011,11/8/2011,CL,2,0.0175,
10,9/27/2011,11/8/2011,CH,3,0.0178,
9,9/27/2011,11/8/2011,CL,2,0.0147,
9,9/27/2011,11/8/2011,CL,2,0.0139,
9,9/27/2011,11/8/2011,CL,1,0.0085,
9,9/27/2011,11/8/2011,CL,1,0.0067,
9,9/27/2011,11/8/2011,CL,1,0.007,
9,9/27/2011,11/8/2011,CL,2,0.0127,
9,9/27/2011,11/8/2011,CL,2,0.0089,
9,9/27/2011,11/8/2011,CL,1,0.0097,
9,9/27/2011,11/8/2011,CL,1,0.0042,
9,9/27/2011,11/8/2011,CL,1,0.0058,
9,9/27/2011,11/8/2011,CL,2,0.0189,
10,9/27/2011,11/8/2011,CH,3,0.0194,
118,8/24/2011,11/8/2011,CL,3,0.0272,
107,8/24/2011,11/8/2011,CH,4,0.0045,ALL VERY THIN
103,8/24/2011,11/8/2011,CL,2,0.0184,
107,8/24/2011,11/8/2011,CH,4,0.0198,
178,8/26/2011,11/8/2011,CH,3,0.0206,
178,8/26/2011,11/8/2011,CL,1,0.0084,
107,8/24/2011,11/8/2011,CL,2,0.0149,
187,8/26/2011,11/8/2011,CL,3,0.0159,
180,8/26/2011,11/8/2011,CL,1,0.0085,
178,8/26/2011,11/8/2011,CL,2,0.0069,
182,8/26/2011,11/8/2011,CL,3,0.0223,
176,8/26/2011,11/8/2011,CL,3,0.0229,
175,8/26/2011,11/8/2011,CL,1,0.0041,
31,8/26/2011,11/8/2011,CL,1,0.0039,
31,8/26/2011,11/8/2011,CL,2,0.0059,
176,8/26/2011,11/8/2011,CL,3,0.0198,
179,8/26/2011,11/8/2011,CL,2,0.0143,
178,8/26/2011,11/8/2011,CL,3,0.0128,
99,9/27/2011,11/8/2011,CL,1,0.0073,
9,9/27/2011,11/8/2011,CH,4,0.0163,
97,9/27/2011,11/8/2011,CL,1,0.0066,
97,9/27/2011,11/8/2011,CL,1,0.0063,
97,9/27/2011,11/8/2011,CL,1,0.0043,
97,9/27/2011,11/8/2011,CL,1,0.0061,
97,9/27/2011,11/8/2011,CL,1,0.0063,
97,9/27/2011,11/8/2011,CL,1,0.0069,
97,9/27/2011,11/8/2011,CL,1,0.0047,
9,9/27/2011,11/8/2011,CL,1,0.0096,
9,9/27/2011,11/8/2011,CL,2,0.0125,
9,9/27/2011,11/8/2011,CL,1,0.0096,
9,9/27/2011,11/8/2011,CL,1,0.0084,
9,9/27/2011,11/8/2011,CL,1,0.0058,
9,9/27/2011,11/8/2011,CL,1,0.0093,
10,9/27/2011,11/8/2011,CH,3,0.0116,
10,9/27/2011,11/8/2011,CH,2,0.0106,
10,9/27/2011,11/8/2011,CH,2,0.0072,
10,9/27/2011,11/8/2011,CH,2,0.0139,
10,9/27/2011,11/8/2011,CH,2,0.0074,
10,9/27/2011,11/8/2011,CH,2,0.0089,
10,9/27/2011,11/8/2011,CH,1,0.0057,
10,9/27/2011,11/8/2011,CH,1,0.0047,
10,9/27/2011,11/8/2011,CH,1,0.0023,
9,9/27/2011,11/8/2011,CL,2,0.0108,
10,9/27/2011,11/8/2011,CH,1,0.0047,
9,9/27/2011,11/8/2011,CL,1,0.0068,
9,9/27/2011,11/8/2011,CL,1,0.0094,
116,8/24/2011,11/8/2011,CL,2,0.0132,
116,8/24/2011,11/8/2011,CL,2,0.0118,
174,8/26/2011,11/8/2011,CH,2,0.0232,
176,8/26/2011,11/8/2011,CH,5,0.0304,
179,8/26/2011,11/8/2011,CL,2,0.0175,
173,8/26/2011,11/8/2011,CL,2,0.0144,
178,8/26/2011,11/8/2011,CH,3,0.0266,
177,8/26/2011,11/8/2011,CL,2,0.0106,
48,9/27/2011,11/8/2011,CH,1,0.0071,
96,9/27/2011,11/8/2011,CL,1,0.0048,
96,9/27/2011,11/8/2011,CL,2,0.0197,
117,8/24/2011,11/8/2011,CL,2,0.0027,
96,9/27/2011,11/8/2011,CL,1,0.0053,
96,9/27/2011,11/8/2011,CL,1,0.0071,
96,9/27/2011,11/8/2011,CL,1,0.0094,
96,9/27/2011,11/8/2011,CL,2,0.0158,
97,9/27/2011,11/8/2011,CL,1,0.0053,
97,9/27/2011,11/8/2011,CL,1,0.0052,
97,9/27/2011,11/8/2011,CL,1,0.0051,
97,9/27/2011,11/8/2011,CL,1,0.0045,
96,9/27/2011,11/8/2011,CL,1,0.0052,
49,9/27/2011,11/8/2011,CL,1,0.0061,
9,9/27/2011,11/8/2011,CH,3,0.0181,
99,9/27/2011,11/8/2011,CL,1,0.0076,
99,9/27/2011,11/8/2011,CL,1,0.0096,
49,9/27/2011,11/8/2011,CL,1,0.0101,
49,9/27/2011,11/8/2011,CL,1,0.0067,
49,9/27/2011,11/8/2011,CL,1,0.0034,
49,9/27/2011,11/8/2011,CL,1,0.0018,
49,9/27/2011,11/8/2011,CL,1,0.0018,
49,9/27/2011,11/8/2011,CL,1,0.0057,
49,9/27/2011,11/8/2011,CL,1,0.0063,
49,9/27/2011,11/8/2011,CL,1,0.0072,
96,9/27/2011,11/8/2011,CL,1,0.0064,
96,9/27/2011,11/8/2011,CL,1,0.0061,
96,9/27/2011,11/8/2011,CL,1,0.0062,
96,9/27/2011,11/8/2011,CL,1,0.0063,
96,9/27/2011,11/8/2011,CL,1,0.0082,
96,9/27/2011,11/8/2011,CH,3,0.0297,
49,9/27/2011,11/8/2011,CL,1,0.0049,
97,9/27/2011,11/8/2011,CL,1,0.0062,
49,9/27/2011,11/8/2011,CL,1,0.0073,
97,9/27/2011,11/8/2011,CL,1,0.0066,
97,9/27/2011,11/8/2011,CL,1,0.0044,
97,9/27/2011,11/8/2011,CH,1,0.0078,
97,9/27/2011,11/8/2011,CH,2,0.0163,
97,9/27/2011,11/8/2011,CH,1,0.0094,
97,9/27/2011,11/8/2011,CH,2,0.0147,
49,9/27/2011,11/8/2011,CL,1,0.0054,
97,9/27/2011,11/8/2011,CL,1,0.0031,
49,9/27/2011,11/8/2011,CL,1,0.0033,
49,9/27/2011,11/8/2011,CL,1,0.0065,
9,9/27/2011,11/8/2011,CH,4,0.0286,
99,9/27/2011,11/8/2011,CL,1,0.0061,
99,9/27/2011,11/8/2011,CL,1,0.0039,
99,9/27/2011,11/8/2011,CL,1,0.0078,
99,9/27/2011,11/8/2011,CL,1,0.0074,
9,9/27/2011,11/8/2011,CL,1,0.0063,
9,9/27/2011,11/8/2011,CL,1,0.0093,
9,9/27/2011,11/8/2011,CL,1,0.0102,
9,9/27/2011,11/8/2011,CL,2,0.0165,
9,9/27/2011,11/8/2011,CL,2,0.0143,
97,9/27/2011,11/8/2011,CL,1,0.0046,
7,9/25/2011,11/8/2011,CH,3,0.0309,
97,9/27/2011,11/8/2011,CL,1,0.0041,
97,9/27/2011,11/8/2011,CH,1,0.0052,
7,9/25/2011,11/8/2011,CL,2,0.0131,
7,9/25/2011,11/8/2011,CL,2,0.0123,
8,9/25/2011,11/8/2011,CL,1,0.0074,
8,9/25/2011,11/8/2011,CL,1,0.0063,
8,9/25/2011,11/8/2011,CL,1,0.0066,
8,9/25/2011,11/8/2011,CH,3,0.0168,
8,9/25/2011,11/8/2011,CH,4,0.0205,
8,9/25/2011,11/8/2011,CH,3,0.017,
7,9/25/2011,11/8/2011,CL,2,0.0152,
7,9/25/2011,11/8/2011,CL,2,0.0126,
8,9/25/2011,11/8/2011,CH,3,0.0121,
7,9/25/2011,11/8/2011,CL,2,0.0134,
8,9/25/2011,11/8/2011,CH,2,0.0123,
178,8/26/2011,11/8/2011,CH,5,0.0261,
110,8/24/2011,11/9/2011,CL,1,0.0023,
110,8/24/2011,11/9/2011,CL,1,0.0072,
9,9/27/2011,11/9/2011,CL,1,0.0074,
110,8/24/2011,11/9/2011,CH,3,0.0126,
110,8/24/2011,11/9/2011,CH,2,0.0101,
110,8/24/2011,11/9/2011,CH,3,0.0052,
103,8/24/2011,11/9/2011,CH,2,0.0185,
103,8/24/2011,11/9/2011,CH,3,0.0247,
110,8/24/2011,11/9/2011,CL,3,0.0152,
97,9/27/2011,11/9/2011,CL,1,0.005,
97,9/27/2011,11/9/2011,CL,1,0.0048,
6,9/25/2011,11/9/2011,CL,1,0.0043,
6,9/25/2011,11/9/2011,CL,1,0.0051,
6,9/25/2011,11/9/2011,CL,1,0.0046,
6,9/25/2011,11/9/2011,CL,1,0.0101,
7,9/25/2011,11/9/2011,CH,3,0.0213,
31,8/26/2011,11/9/2011,CL,3,0.0076,
31,8/26/2011,11/9/2011,CL,2,0.0103,
30,8/26/2011,11/9/2011,CH,4,0.0206,
177,8/26/2011,11/9/2011,CH,3,0.0119,
177,8/26/2011,11/9/2011,CL,2,0.0198,
172,8/26/2011,11/9/2011,CH,4,0.0274,
177,8/26/2011,11/9/2011,CL,3,0.0287,
170,8/26/2011,11/9/2011,CL,2,0.0103,
170,8/26/2011,11/9/2011,CL,2,0.0124,
170,8/26/2011,11/9/2011,CL,2,0.0178,
177,8/26/2011,11/9/2011,CL,3,0.0253,
176,8/26/2011,11/9/2011,CL,2,0.0143,
176,8/26/2011,11/9/2011,CH,4,0.0234,
31,8/26/2011,11/9/2011,CL,4,0.0101,
31,8/26/2011,11/9/2011,CL,2,0.0063,
31,8/26/2011,11/9/2011,CL,2,0.0091,
123,8/26/2011,11/9/2011,CL,2,0.0041,
49,9/27/2011,11/9/2011,CL,1,0.0045,
97,9/27/2011,11/9/2011,CL,1,0.0051,
9,9/27/2011,11/16/2011,CL,1,0.0059,
9,9/27/2011,11/16/2011,CL,1,0.0092,
9,9/27/2011,11/16/2011,CL,2,0.0177,
9,9/27/2011,11/16/2011,CL,1,0.0033,
9,9/27/2011,11/16/2011,CL,1,0.0081,
9,9/27/2011,11/16/2011,CL,1,0.0079,
9,9/27/2011,11/16/2011,CL,1,0.0076,
9,9/27/2011,11/16/2011,CL,2,0.0127,
