Plot_Number,Treatment,Robbing,Florivory,Pollination,Early_Season_Anthocyanins,Late_Season_Anthocyanins,Change_in_Anthocyanins,Early_Season_Condensed_Tannins,Late_Season_Condensed_Tannins,Change_in_Condensed_Tannins,Early_Season_Flower_Redness,Late_Season_Flower_Redness,Change_in_Flower_Redness,Flower_Color_Category,Flower_Spur_Length,Flower_Length,Flower_Lip_Height,Flower_Lip_Width,Flower_Opening_Height,Flower_Opening_Width,Flower_Lip_Area,Flower_Opening_Area,Flower_Size_PC1,Average_CH_Fruits_Per_Day,Mature_CH_Fruits_Per_Day,Average_CL_Fruits_Per_Day,Mature_CL_Fruits_Per_Day,Total_Fruits_Per_Day,Total_Mature_Fruits_Per_Day,Proportion_of_Fruits_CH,Ratio_of_CH_to_CL_Fruits,Average_Seeds_Per_CH_Fruit,Average_Seeds_Per_CL_Fruit,Average_CH_Seed_Mass,Average_CL_Seed_Mass,Average_Percent_Leaf_Damage,Average_Herbivore_Density,Average_Herbivore_Richness,Average_Nectar_Volume,Maximum_Plant_Height,Maximum_Number_of_Nodes,Average_CL_Flowers_Per_Day,Average_Leaf_Area,Pollinators_Per_Hour,Robbers_Per_Hour,Thieves_Per_Hour,Proportion_Flowers_Visited_by_Pollinators,Proportion_Flowers_Visited_by_Robbers,Proportion_Flowers_Visited_by_Thieves,Date_of_First_CH_Flower,Total_CH_Flower_Production,Average_CH_Flowers_Per_Day,Average_Percent_Florivory
1,Robbing,Y,N,N,11.61522634,9.115044248,-2.50018209,NA,113.6220472,NA,18.20228512,NA,NA,yellow,8.914,16.508,7.536,13.516,5.5,3.908,103.36632,22.59146,-0.139881815,10,2.142857143,9.714285714,0.428571429,19.71428571,2.571428571,0.507246377,1.029411765,3,1,0.015169231,0.006333333,1,21,2,NA,86,15,1,18.565,20,0,0,0.833333333,0,0,214,117,2.489361702,10
2,PollFlor,N,Y,Y,7.24702381,12.61682243,5.36979862,NA,27.35449735,NA,5.807919128,3.487215303,2.320703825,yellow,9.148333333,18.32166667,7.631666667,13.32166667,6.55,5.203333333,101.8313,37.33358333,0.355625416,12.14285714,3,16.85714286,2.857142857,29,5.857142857,0.418719212,0.720338983,2.333333333,1.105263158,0.012871429,0.005957895,10.5,12,3,NA,74,15,1,18.61833333,4,0,5,0.052631579,0,0.385964912,208,216,4.595744681,9
3,Florivory,N,Y,N,7.578125,9.841772152,2.263647152,48.62068966,49.93243243,-1.31174277,9.499035623,4.182034968,5.317000655,yellow,9.602,17.646,8.796,14.67,6.748,5.262,131.28206,38.12256,1.147165513,15.42857143,0.714285714,10,0.714285714,25.42857143,1.428571429,0.606741573,1.542857143,2.5,1.25,0.016225,0.00805,2.25,7,3,6.173170732,83,16,1.666666667,22.39,20,0,4,0.5,0,0.1,215,152,3.234042553,0
4,Control,N,N,N,6.263636364,3.590909091,-2.672727273,26.19444444,66.79487179,-40.60042735,5.507125607,4.746634556,0.760491052,yellow,8.236666667,16.46666667,8.386666667,15.08,6.49,5.5,132.0569333,37.18656667,0.40168469,4.714285714,1.285714286,13.85714286,1.285714286,18.57142857,2.571428571,0.253846154,0.340206186,2.7,1.888888889,0.01614,0.013022222,0.166666667,4,1,NA,71,15,0.333333333,15.65333333,NA,NA,NA,NA,NA,NA,221,70,1.489361702,0
5,Control,N,N,N,12.59469697,27.0480226,14.45332563,25.12396694,52.05741627,-26.93344933,83.95616173,NA,NA,red,9.439,18.476,8.955,15.501,8.038,5.648,139.15883,50.04414,1.603199822,14.28571429,2.571428571,19.42857143,2.857142857,33.71428571,5.428571429,0.423728814,0.735294118,4,1.9375,0.024,0.01198125,13,9,3,9.557692308,80,16,6,22.93,4,3,7,0.208333333,0.1875,0.395833333,193,178,3.787234043,2
6,Robbing,Y,N,N,13.85964912,10.07337526,-3.786273861,NA,67.06896552,NA,20.60442199,70.08156592,-49.47714393,red,9.873333333,17.83888889,8.635555556,13.17,6.715555556,5.604444444,115.0494778,40.46302222,0.803750101,10.57142857,3,23.14285714,2.428571429,33.71428571,5.428571429,0.313559322,0.456790123,1.842105263,1.071428571,0.009894737,0.006014286,2.166666667,16,3,4.387804878,81,16,1,25.375,0,1,4,0,0.022222222,0.127777778,205,183,3.893617021,0
7,Robbing,Y,N,N,16.3317757,8.070776256,-8.260999445,98.59813084,26.90740741,71.69072343,6.392090611,4.090684722,2.30140589,yellow,9.224,17.798,8.742,14.158,5.086,4.694,127.29952,24.11234,0.891528794,19.14285714,7.142857143,15.28571429,3.714285714,34.42857143,10.85714286,0.556016598,1.252336449,3.431818182,1.7,0.021497727,0.011755,2.083333333,3,2,16.62884615,94,15,0.666666667,27.766,40,0,8,1,0,0.2,219,143,3.042553191,0
8,Pollination,N,N,Y,13.23129252,7.3,-5.931292517,27.67857143,55.48387097,-27.80529954,3.614610207,3.410457299,0.204152908,yellow,9.105,19.5025,10.0275,16.485,5.8875,5.0075,165.742225,29.398275,2.463088188,18.85714286,9.428571429,22.85714286,4.714285714,41.71428571,14.14285714,0.452054795,0.825,3.057692308,1.333333333,0.019878846,0.008095833,4.5,14,3,11.51730769,74,14,0.666666667,22.14166667,0,0,4,0,0,0.142857143,216,245,5.212765957,0
9,Control,N,N,N,13.29501916,0.637254902,-12.65776426,14.88215488,48.06666667,-33.18451179,81.34710432,80.45965704,0.887447286,red,9.86,18.8325,9.605,15.2475,4.945,4.295,147.523875,21.259225,2.015286749,17.71428571,5.571428571,32,6.857142857,49.71428571,12.42857143,0.356321839,0.553571429,3.379310345,1.428571429,0.022241379,0.034133333,3.666666667,17,4,16.36346154,84,16,1.333333333,20.145,0,4,12,0,0.1,0.3,217,159,3.382978723,1
10,Florivory,N,Y,N,11.96551724,14.90196078,2.936443543,15.82010582,6.130434783,9.689671037,5.163817243,3.819963024,1.343854219,yellow,9.523333333,18.57,9.256666667,15.32666667,4.953333333,4.013333333,142.0169333,19.83833333,1.719038294,8.857142857,2.714285714,15.85714286,2,24.71428571,4.714285714,0.358381503,0.558558559,2,1.363636364,0.010180556,0.006881818,3.166666667,17,3,9.144230769,77,17,0,15.73666667,20,0,4,0.833333333,0,0.166666667,229,80,1.70212766,0
11,RobFlor,Y,Y,N,13.87711864,NA,NA,47.64423077,24.03921569,23.60501508,14.99931517,2.489944908,12.50937026,yellow,8.625,17.755,7.76,13.66666667,5.87,4.706666667,101.9696,27.65853333,0.186894776,1.166666667,0,4.5,0.666666667,5.666666667,0.666666667,0.205882353,0.259259259,NA,2,NA,0.0118,2,25,3,7.191463415,88,17,1.333333333,20.01166667,40,0,0,0.833333333,0,0,230,144,3.063829787,0
12,PollRobFlor,Y,Y,Y,4.025894062,6.295289855,2.269395793,23.95,83.85826772,-59.90826772,5.813266925,2.103856693,3.709410232,yellow,10.365,19.71,9.25,15.07,4.355,4.36,141.5779,19.5521,2.27775189,2.833333333,0,5.833333333,0.5,8.666666667,0.5,0.326923077,0.485714286,NA,2.333333333,NA,0.014966667,4.25,14,2,3.7265625,98,15,0.666666667,18.935,12,0,2,0.3,0,0.5,215,99,2.106382979,0
13,RobFlor,Y,Y,N,5.43715847,5.121082621,-0.316075849,47.30769231,34.1025641,13.20512821,9.029216466,3.923032386,5.106184081,yellow,9.576,17.216,8.44,14.898,4.786,3.722,128.66394,18.27864,0.967824901,6.5,0,3.833333333,0.166666667,10.33333333,0.166666667,0.629032258,1.695652174,NA,NA,NA,NA,1.083333333,28,4,3.268292683,93,16,0,16.61833333,16,0,0,0.333333333,0,0,217,167,3.553191489,0
14,Control,N,N,N,9.232804233,12.62323944,3.390435204,25.02994012,70.3030303,-45.27309018,11.2245147,1.608729437,9.615785265,yellow,8.964,18.844,9.824,14.89,6.25,4.88,146.49998,32.56858,1.694161825,5.333333333,0,11.66666667,0.666666667,17,0.666666667,0.31372549,0.457142857,NA,2,NA,0.029275,2.916666667,18,4,NA,81,14,2.333333333,16.03666667,11,0,4,0.507936508,0,0.444444444,210,147,3.127659574,9
15,Florivory,N,Y,N,6.034946237,4.198473282,-1.836472954,78.10874704,58.54166667,19.56708037,6.957010881,3.444703358,3.512307524,yellow,9.715,18.7775,9.185,16.88666667,4.863333333,4.236666667,156.7112,20.8209,2.261583455,2,0.166666667,2,0.166666667,4,0.333333333,0.5,1,2,3,0.0052,0.0139,13.83333333,33,1,NA,75,16,0.666666667,17.56166667,16,8,0,0.8,0.4,0,223,39,0.829787234,7
16,PollRobFlor,Y,Y,Y,9.852941176,8.40990991,-1.443031267,56.2601626,78.39285714,-22.13269454,7.171495069,3.62438299,3.547112079,yellow,8.38,18.525,8.095,NA,3.78,3.68,NA,13.9104,NA,1.166666667,0,1.5,0.333333333,2.666666667,0.333333333,0.4375,0.777777778,NA,2,NA,0.01135,2.583333333,22,2,0.259375,83,18,0.333333333,14.825,8,4,12,0.666666667,0.333333333,1,207,79,1.680851064,2
17,Control,N,N,N,7.913385827,10.00744048,2.094054649,22.02380952,107.654321,-85.63051148,4.159862354,1.733624729,2.426237625,yellow,NA,NA,NA,NA,NA,NA,NA,NA,NA,0.333333333,0,1,0,1.333333333,0,0.25,0.333333333,NA,NA,NA,NA,5.333333333,20,2,NA,58,15,0,11.82833333,4,0,4,1,0,1,235,23,0.489361702,0
18,RobFlor,Y,Y,N,NA,0.15224359,NA,NA,104.6078431,NA,54.65478032,51.37937569,3.275404631,red,9.283333333,17.96666667,8.103333333,12.24333333,4.71,3.24,99.32243333,15.32026667,0.173126634,2.333333333,0,0.333333333,0,2.666666667,0,0.875,7,NA,NA,NA,NA,1.5,14,2,NA,87,17,0.333333333,17.77166667,0,8,4,0,0.125,0.0625,217,135,2.872340426,43
19,PollRob,Y,N,Y,1.295546559,2.081659973,0.786113415,26.55144695,33.42948718,-6.87804023,72.91864406,49.48860618,23.43003788,red,10.35,14.0975,7.9275,13.895,6.3775,5.925,113.025225,38.315425,0.157683865,3.5,0.166666667,2.166666667,0,5.666666667,0.166666667,0.617647059,1.615384615,6,NA,0.0236,NA,1.5,20,4,NA,82,15,0.666666667,17.48333333,0,0,0,0,0,0,217,95,2.021276596,14
20,PollRobFlor,Y,Y,Y,10.06097561,8.066037736,-1.994937874,144.3693694,74.41176471,69.95760469,45.75080715,78.18197035,-32.4311632,red,NA,NA,NA,NA,NA,NA,NA,NA,NA,1.166666667,0,0.166666667,0,1.333333333,0,0.875,7,NA,NA,NA,NA,3.875,11,2,8.957692308,70,17,2,15.67166667,8,0,8,0.4,0,0.4,229,39,0.829787234,4
21,PollFlor,N,Y,Y,10.14861996,10,-0.148619958,20.17699115,37.88888889,-17.71189774,9.186883875,2.443952203,6.742931673,yellow,8.896,15.69,6.382,13.392,5.888,6.624,87.4191,39.07498,-0.775230459,0.833333333,0.166666667,2.666666667,0.333333333,3.5,0.5,0.238095238,0.3125,5,2,0.0235,0.0064,4.916666667,22,2,8.207692308,64,14,1.333333333,19.24166667,16,0,4,0.571428571,0,0.142857143,214,82,1.744680851,0
22,PollRobFlor,Y,Y,Y,11.46907216,7.517985612,-3.951086553,48.8358568,77.11340206,-28.27754526,13.81812468,6.194787063,7.623337622,yellow,8.31,15.082,7.506,13.754,6.02,5.894,103.53084,36.60796,-0.554265695,2.666666667,0.666666667,10.66666667,1.333333333,13.33333333,2,0.2,0.25,2.75,2,0.0138,0.0156,13.08333333,24,2,NA,57,12,1.666666667,14.5825,0,0,6,0,0,0.75,216,50,1.063829787,0
23,PollFlor,N,Y,Y,5.960591133,12.33995585,6.379364717,91.81818182,65.60606061,26.21212121,7.031244423,4.526928772,2.504315651,yellow,NA,NA,NA,NA,NA,NA,NA,NA,NA,0.166666667,0,3.666666667,1,3.833333333,1,0.043478261,0.045454545,NA,2,NA,0.008175,0.333333333,34,2,7.469512195,86,15,0,22.44333333,10,2,4,0.833333333,0.166666667,0.333333333,223,52,1.106382979,0
24,RobFlor,Y,Y,N,8.888888889,26.23809524,17.34920635,7.571428571,52.65957447,-45.0881459,4.570911068,1.369426003,3.201485065,yellow,7.06,13.12,7.735,13.45,8.6,7.205,103.9835,62.49405,-1.213888417,3,0,2.333333333,0.333333333,5.333333333,0.333333333,0.5625,1.285714286,NA,3.5,NA,0.0154,4,6,3,4.423551829,82,16,2,27.88166667,0,0,4,0,0,0.5,221,129,2.744680851,0
25,Pollination,N,N,Y,16.83908046,11.16541353,-5.673666926,28.84615385,45.98997494,-17.14382109,9.849553915,2.294057333,7.555496582,yellow,8.485,12.175,5.435,11.04,7.07,6.46,59.8943,45.4071,-2.470815411,0,0,0.5,0,0.5,0,0,0,NA,NA,NA,NA,0.125,11,2,NA,78,13,0,15.47,28,12,20,1.590909091,0.681818182,1.136363636,230,49,1.042553191,0
26,PollFlor,N,Y,Y,9.403153153,15.77284946,6.369696309,40.44776119,95.54054054,-55.09277935,9.732371132,2.230082614,7.502288519,yellow,9.586666667,12.90333333,5.716666667,12.62333333,5.503333333,6.063333333,72.1066,33.7723,-1.466356088,3.833333333,0,2.333333333,0.166666667,6.166666667,0.166666667,0.621621622,1.642857143,NA,1,NA,0.0048,0.5,4,2,NA,72,17,1.333333333,20.065,44,0,8,1.222222222,0,0.222222222,221,153,3.255319149,0
27,PollRobFlor,Y,Y,Y,40.57142857,10.56547619,-30.00595238,54.86725664,62.31060606,-7.44334942,10.06097169,4.262960542,5.798011146,yellow,7.74,11.63,6.09,12.02,5.79,6.65,73.2018,38.5035,-2.229004084,2.166666667,0,8,1.333333333,10.16666667,1.333333333,0.213114754,0.270833333,NA,2.875,NA,0.0118,0.25,13,5,NA,80,16,0.333333333,14.80833333,0,0,0,0,0,0,223,78,1.659574468,0
28,PollFlor,N,Y,Y,37.27272727,NA,NA,177.1111111,26.06741573,151.0436954,9.866023527,1.51538056,8.350642968,yellow,8.413333333,12.71,6.1675,12.22,6.78,6.37,72.8448,44.6606,-1.82019113,1,0.166666667,1.166666667,0.166666667,2.166666667,0.333333333,0.461538462,0.857142857,2.5,2,0.0126,0.0174,5.875,1,1,NA,74,15,0,18.115,NA,NA,NA,NA,NA,NA,219,100,2.127659574,0
29,Control,N,N,N,4.603559871,14.73148148,10.12792161,77.97619048,17.98449612,59.99169436,7.845963742,NA,NA,yellow,9.92,13.51,5.783333333,14.14333333,7.523333333,6.466666667,83.63943333,49.62486667,-0.806975217,3.166666667,0.833333333,1.666666667,0,4.833333333,0.833333333,0.655172414,1.9,3.833333333,NA,0.015466667,NA,7.625,0,0,8.55,85,15,1.666666667,25.32,NA,NA,NA,NA,NA,NA,222,139,2.957446809,0
30,Control,N,N,N,10.90277778,14.82954545,3.926767677,NA,74.7008547,NA,1.66490737,NA,NA,yellow,8.562,15.618,7.476,11.47,7.2,5.362,86.72024,39.94236,-1.039429388,4.166666667,0.166666667,1,0,5.166666667,0.166666667,0.806451613,4.166666667,4,NA,0.0206,NA,0.625,24,4,NA,74,16,0,20.915,4,10,4,0.111111111,0.277777778,0.111111111,210,195,4.14893617,9
31,PollFlor,N,Y,Y,8.725961538,21.37037037,12.64440883,2.773123909,33.28671329,-30.51358938,74.30996836,75.5849555,-1.274987133,red,10.05666667,15.44666667,8.045,12.598,7.058,6.636,101.87276,47.14756,-0.041215537,9,0,7.166666667,2.333333333,16.16666667,2.333333333,0.556701031,1.255813953,NA,2.571428571,NA,0.011073571,4.25,6,2,NA,86,15,3,21.48833333,8,6,0,0.583333333,0.125,0,216,225,4.787234043,4
32,RobFlor,Y,Y,N,13.89534884,7.901069519,-5.994279318,99.375,61.76724138,37.60775862,72.36486637,87.65211554,-15.28724917,red,NA,NA,NA,NA,NA,NA,NA,NA,NA,2.166666667,0,0.5,0,2.666666667,0,0.8125,4.333333333,NA,NA,NA,NA,0.125,2,2,NA,79,16,0.666666667,19.385,0,0,8,0,0,1,230,83,1.765957447,1
33,PollRobFlor,Y,Y,Y,16.44110276,6.687801932,-9.753300825,57.57062147,19.02597403,38.54464744,6.713031687,3.717667469,2.995364218,yellow,9.16,17.56,4.6,8.795,6.38,4.345,44.20475,28.03745,-2.243552191,4.166666667,0,1.833333333,0.166666667,6,0.166666667,0.694444444,2.272727273,NA,2,NA,0.0116,0.375,8,2,6.514634146,89,17,1.666666667,28.14166667,0,4,0,0,1,0,219,99,2.106382979,7
34,PollFlor,N,Y,Y,15.80769231,19.46428571,3.656593407,31.05263158,61.91358025,-30.86094867,13.51537676,3.331921901,10.18345486,yellow,9.16,11.025,5.695,14.485,6.225,5.33,81.96935,33.03715,-1.302256111,4.333333333,0.333333333,0.333333333,0.166666667,4.666666667,0.5,0.928571429,13,2.5,2,0.00635,0.0074,0.75,8,2,6.575609756,89,15,2.333333333,21.83666667,4,0,4,0.5,0,0.5,224,88,1.872340426,0
35,Control,N,N,N,9.505494505,7.650273224,-1.855221281,113.372093,33.63636364,79.73572936,9.175907185,NA,NA,yellow,7.796,14.448,7.138,11.616,5.928,5.47,85.8579,33.589,-1.558634017,6,0.333333333,3.833333333,0.833333333,9.833333333,1.166666667,0.610169492,1.565217391,2,1.333333333,0.0047,0.006966667,1.125,7,2,NA,87,16,0.333333333,17.115,12,0,8,3,0,2,215,116,2.468085106,2
36,PollRob,Y,N,Y,5.291666667,11.14,5.848333333,88.47094801,70,18.47094801,11.17110531,3.175350544,7.995754768,yellow,NA,4.23,3.08,6.51,3.68,2.87,20.0508,10.5616,NA,5,0,4.333333333,0.833333333,9.333333333,0.833333333,0.535714286,1.153846154,NA,2,NA,0.0095,2.5,7,2,5.46097561,73,15,1,17.40333333,0,0,0,0,0,0,230,64,1.361702128,0
37,Robbing,Y,N,N,5.646551724,14.21296296,8.566411239,34.42307692,44.13554633,-9.71246941,10.21431252,3.192853252,7.021459265,yellow,8.633333333,14.57,5.983333333,11.40333333,6.333333333,4.523333333,69.31416667,28.69333333,-1.776751383,8.5,0.5,2,0.166666667,10.5,0.666666667,0.80952381,4.25,2.666666667,1,0.0082,0.004,0,7,3,NA,78,16,0.333333333,21.53166667,0,4,0,0,0.333333333,0,223,88,1.872340426,1
38,Florivory,N,Y,N,4.27402863,10.82692308,6.552894447,58.45070423,16.5,41.95070423,11.40994474,NA,NA,yellow,NA,NA,NA,NA,NA,NA,NA,NA,NA,3.166666667,0,3.333333333,0.333333333,6.5,0.333333333,0.487179487,0.95,NA,1.5,NA,0.00655,1,10,1,NA,67,15,1.333333333,14.05,NA,NA,NA,NA,NA,NA,224,42,0.893617021,0
39,PollRobFlor,Y,Y,Y,8.46969697,NA,NA,78.375,NA,NA,14.95592357,NA,NA,yellow,NA,NA,NA,NA,NA,NA,NA,NA,NA,0,0,0.666666667,0,0.666666667,0,0,0,NA,NA,NA,NA,0.375,5,3,NA,67,14,2.333333333,14.87333333,NA,NA,NA,NA,NA,NA,216,5,0.108695652,50
40,PollRob,Y,N,Y,8.75,7.5,-1.25,177.0175439,40.03731343,136.9802305,45.13013342,87.09048536,-41.96035194,red,9.8775,14.8075,9.37,14.2725,7.275,6.4875,134.90585,47.2635,0.743198597,5.833333333,0.833333333,4.666666667,0.5,10.5,1.333333333,0.555555556,1.25,3.4,1.333333333,0.00802,0.0039,0.625,2,1,NA,75,15,2.666666667,14.26333333,16,4,12,0.666666667,0.166666667,0.5,214,70,1.489361702,1
41,PollFlor,N,Y,Y,6.448412698,12.89634146,6.447928765,114.0983607,99.11392405,14.98443665,81.05852148,85.82708439,-4.768562901,red,5.168,12.058,4.472,11.064,3.426,4.112,55.60502,16.17914,-3.64596091,6.333333333,0,6.833333333,1,13.16666667,1,0.481012658,0.926829268,NA,1,NA,0.00702,1.25,0,0,NA,74,14,1,20.12333333,12,0,0,0.375,0,0,219,66,1.404255319,23
42,PollRobFlor,Y,Y,Y,23.81147541,22.80092593,-1.010549484,35,NA,NA,3.788995763,2.824291498,0.964704265,yellow,NA,NA,NA,NA,NA,NA,NA,NA,NA,1,0,1.333333333,0.166666667,2.333333333,0.166666667,0.428571429,0.75,NA,1,NA,0.0056,4.125,7,2,NA,52,12,0,11.26833333,0,0,0,0,0,0,217,15,0.319148936,7
43,Robbing,Y,N,N,13.39285714,13.24786325,-0.144993895,70.8627451,51.48514851,19.37759659,6.054848866,2.240591985,3.814256882,yellow,NA,NA,NA,NA,NA,NA,NA,NA,NA,2.666666667,0,2.666666667,0.166666667,5.333333333,0.166666667,0.5,1,NA,1,NA,0.0029,0.333333333,0,0,NA,68,16,0.333333333,18.16666667,NA,NA,NA,NA,NA,NA,230,42,0.893617021,16
44,RobFlor,Y,Y,N,6.019417476,9.223484848,3.204067373,107.7380952,134.4086022,-26.670507,3.678759812,2.480348813,1.198410999,yellow,9.8,13.07,7.376666667,12.69666667,5.013333333,6.646666667,93.49206667,33.52403333,-0.737480695,5.666666667,0.166666667,3.166666667,0.833333333,8.833333333,1,0.641509434,1.789473684,3,1.25,0.0117,0.005145,0.625,3,2,NA,79,15,1,14.46166667,8,0,0,1,0,0,221,99,2.106382979,9
45,Pollination,N,N,Y,NA,0.465116279,NA,36.2631579,120,-83.73684211,84.02662108,85.3901513,-1.363530219,red,3.75,9.87,4.56,10.52,3.98,4.13,47.9712,16.4374,-4.206662219,1.833333333,0,1.5,0,3.333333333,0,0.55,1.222222222,NA,NA,NA,NA,11.5,3,2,NA,51,14,0.333333333,12.48333333,NA,NA,NA,NA,NA,NA,222,27,0.574468085,0
46,RobFlor,Y,Y,N,1.645408163,5.596153846,3.950745683,117.1212121,60.82474227,56.29646983,70.99946967,74.28066969,-3.281200024,red,NA,NA,NA,NA,NA,NA,NA,NA,NA,0.666666667,0,1,0,1.666666667,0,0.4,0.666666667,NA,1,NA,0.00471,3.5,1,1,NA,65,15,0.333333333,11.52333333,NA,NA,NA,NA,NA,NA,229,15,0.319148936,23
47,PollFlor,N,Y,Y,6.136363636,13.09027778,6.953914141,89.56989247,71.56626506,18.00362741,75.5604543,82.67082506,-7.110370768,red,NA,NA,NA,NA,NA,NA,NA,NA,NA,1.666666667,0,1.333333333,0,3,0,0.555555556,1.25,NA,NA,NA,NA,1.25,2,1,NA,74,13,0,15.865,0,0,4,0,0,1,221,26,0.553191489,0
48,PollRobFlor,Y,Y,Y,9.238095238,7.118055556,-2.120039683,71.97916667,37.08860759,34.89055908,10.3716474,6.295829048,4.075818352,yellow,6.203333333,17.21333333,6.44,7.84,4.53,5.023333333,51.66,22.78556667,-2.738311559,0.833333333,0.166666667,2.666666667,0.833333333,3.5,1,0.238095238,0.3125,2.2,1.12,0.00982,0.005368,0,130,3,NA,66,14,2,15.90166667,0,0,8,0,0,1,221,28,0.595744681,0
49,Florivory,N,Y,N,5.720338983,NA,NA,77.1641791,NA,NA,6.969477501,NA,NA,yellow,6.41,8.08,5.15,9.17,2.77,3.92,47.2255,10.8584,-4.004370017,0.166666667,0,2,0.166666667,2.166666667,0.166666667,0.076923077,0.083333333,2.375,1,0.0152,0.005305556,0.625,242,3,NA,73,15,0.666666667,16.125,NA,NA,NA,NA,NA,NA,229,12,0.255319149,0
50,Robbing,Y,N,N,NA,NA,NA,NA,NA,NA,NA,NA,NA,NA,NA,NA,NA,NA,NA,NA,NA,NA,NA,0.2,0,1.8,0,2,0,0.1,0.111111111,NA,NA,NA,NA,0.833333333,4,3,NA,74,15,0,10.93333333,NA,NA,NA,NA,NA,NA,210,1,0.025,74
51,PollFlor,N,Y,Y,8.22815534,8.253424658,0.025269318,111.686747,72.45614035,39.23060665,10.70015612,2.202321951,8.49783417,yellow,8.095,16.3725,6.06,11.3575,5.705,5.805,70.098525,33.430225,-1.578461205,11,0.4,5.6,0.2,16.6,0.6,0.662650602,1.964285714,NA,2,NA,0.0111,2,14,2,6.713414634,67,13,0.333333333,22.02,4,0,10,0.066666667,0,0.166666667,215,115,2.446808511,0
52,PollRob,Y,N,Y,-1.287878788,3.155737705,4.443616493,46.66666667,154.7142857,-108.047619,77.19939324,85.00929656,-7.809903321,red,7.2,16.255,7.085,15.16,6.445,5.71,108.40475,36.7202,-0.387547562,0.8,0,11,0.6,11.8,0.6,0.06779661,0.072727273,NA,2.666666667,NA,0.0158,3.916666667,16,1,7.404747596,91,15,1,16.82333333,0,0,0,0,0,0,224,44,0.936170213,NA
53,Florivory,N,Y,N,4.589552239,3.780487805,-0.809064434,39.84567901,63.05194805,-23.20626904,56.39926573,85.52452278,-29.12525706,red,7.87625,16.393125,5.715625,11.660625,6.001875,5.436875,69.10574375,33.26950625,-1.677166674,21.2,0.2,5.6,0,26.8,0.2,0.791044776,3.785714286,4.777777778,2,0.032411111,0.0105,1.083333333,31,2,3.797751524,95,14,0.333333333,19.82166667,12,5,1,0.09375,0.041666667,0.333333333,208,236,5.021276596,12
54,Pollination,N,N,Y,7.733333333,NA,NA,24.82352941,56.69966997,-31.87614056,37.93707794,NA,NA,red,7.633636364,16.13454545,6.581818182,13.35545455,6.762727273,5.355454545,90.46879091,37.92887273,-0.997120624,12.83333333,0.333333333,4.166666667,0.166666667,17,0.5,0.754901961,3.08,4.5,4,0.031,0.0287,0,25,2,6.99222561,84,14,3.666666667,28.94,11,13,7,0.126984127,0.158730159,0.146825397,202,219,4.659574468,1
55,RobFlor,Y,Y,N,9.252645503,35.23148148,25.97883598,25.60606061,42.03539823,-16.42933762,13.02420118,3.54333688,9.480864304,yellow,6.6625,13.6375,4.5875,10.4875,4.9625,5.055,46.4575,25.23295,-3.24169461,5.4,0,7.4,0.4,12.8,0.4,0.421875,0.72972973,NA,2.5,NA,0.0133,9.166666667,5,3,NA,78,11,2.333333333,18.49666667,6,6,2,0.3,0.3,0.5,212,75,1.595744681,0
56,RobFlor,Y,Y,N,10.9047619,NA,NA,117.6811594,48.4992785,69.1818809,13.06350423,NA,NA,yellow,8.515,16.08333333,6.348333333,13.79166667,6.44,7.04,91.75806667,46.7176,-0.713561231,13.33333333,0.333333333,12,0.833333333,25.33333333,1.166666667,0.526315789,1.111111111,5.5,3.4,0.0249,0.01166,0.916666667,11,4,7.532926829,96,17,4,22.58,12,12,12,0.115384615,0.115384615,0.730769231,199,286,6.085106383,4
57,Robbing,Y,N,N,8.348126233,5.714285714,-2.633840518,15.90425532,4.473067916,11.4311874,11.45498516,1.347667862,10.10731729,yellow,8.3575,15.075,6.9875,11.815,6.7825,5.66,86.532525,37.643525,-1.285204389,16,1,8.666666667,0.166666667,24.66666667,1.166666667,0.648648649,1.846153846,4.166666667,6,0.0191,0.0218,0.916666667,13,4,3.889596037,94,14,3,21.12833333,70,4,12,0.729166667,0.041666667,0.270833333,210,261,5.553191489,3
58,Pollination,N,N,Y,NA,12.69662921,NA,33.72623574,58.52459016,-24.79835442,5.642463097,NA,NA,yellow,8.71212766,17.1975,4.5971875,11.240625,5.068125,4.82875,54.6241625,25.00698438,-1.778375851,36,5,11.66666667,1,47.66666667,6,0.755244755,3.085714286,4.363636364,2.25,0.024145455,0.00975,2.166666667,10,3,NA,99,16,1.666666667,23.83333333,52,0,13,0.333333333,0,0.325641026,189,415,8.829787234,2
59,PollRobFlor,Y,Y,Y,8.792372881,2.926300578,-5.866072303,NA,36.04575163,NA,17.53625776,NA,NA,yellow,8.711666667,15.652,6.73,14.344,6.462,5.934,100.71616,39.1976,-0.441370618,27,0.833333333,7,0.166666667,34,1,0.794117647,3.857142857,4.5,NA,0.023233333,NA,5.5,33,4,9.011397749,88,13,2,26.46166667,59,12,11,0.366666667,0.075,0.066666667,212,357,7.595744681,9
60,PollRob,Y,N,Y,3.024691358,5.923566879,2.898875521,10.19480519,39.59090909,-29.3961039,11.25127361,NA,NA,yellow,9.402,16.702,8.232,14.972,6.834,5.396,124.1836,35.65456,0.734952735,8.666666667,0.666666667,10.5,2.5,19.16666667,3.166666667,0.452173913,0.825396825,4,2.090909091,0.02418,0.010801818,3.166666667,27,4,13.95961538,85,14,5.666666667,28.17166667,32,0,16,0.615384615,0,0.307692308,210,137,2.914893617,0
61,Pollination,N,N,Y,5.224358974,17.0754717,11.85111272,41.13702624,55.73797678,-14.60095054,73.51118914,NA,NA,red,8.233333333,13.43,6.91,11.56,6.57,6.306666667,79.9871,42.18653333,-1.690622238,12.5,1,5.833333333,0.666666667,18.33333333,1.666666667,0.681818182,2.142857143,4.166666667,2.25,0.022668333,0.01565,8,11,3,NA,87,13,4.666666667,24.85666667,28,84,16,0.466666667,1.4,0.266666667,215,182,3.872340426,0
62,PollRobFlor,Y,Y,Y,7.75,5.618489583,-2.131510417,29.23664122,56.27329193,-27.03665071,12.21919901,5.164663329,7.054535684,yellow,9.89125,15.85166667,6.086,11.346,6.031666667,5.061666667,69.73692,31.98211667,-1.099650639,16.33333333,0,5.5,0,21.83333333,0,0.748091603,2.96969697,NA,NA,NA,NA,4.666666667,14,5,1.6203125,101,15,1.666666667,28.785,20,0,4,0.2,0,0.04,215,300,6.382978723,8
63,Robbing,Y,N,N,1.340659341,5.259961127,3.919301787,10.52060738,23.17617866,-12.65557128,72.32030881,NA,NA,red,9.277,15.02142857,5.704285714,12.58285714,5.468571429,5.422857143,76.00844286,30.99971429,-1.257027673,21.16666667,0.166666667,6.833333333,0.333333333,28,0.5,0.755952381,3.097560976,2,3,0.0052,0.01845,0.583333333,23,4,9.794840525,96,15,4.666666667,28.14166667,64,12,4,0.32,0.06,0.02,211,346,7.361702128,2
64,Control,N,N,N,4.134615385,5.183189655,1.048574271,81.78217822,25.93023256,55.85194566,9.639798681,NA,NA,yellow,8.042,13.538,6.134,11.384,6.298,5.434,72.17666,36.43534,-2.066803992,7.833333333,0.333333333,8,0.333333333,15.83333333,0.666666667,0.494736842,0.979166667,6,3.5,0.0413,0.0196,2.166666667,26,3,NA,95,13,4,22.09,0,0,4,0,0,0.5,207,174,3.70212766,17
65,PollRob,Y,N,Y,NA,NA,NA,23.71915254,27.23979491,-3.52064237,63.37692621,73.98759273,-10.61066652,red,NA,NA,NA,NA,NA,NA,NA,NA,NA,0,0,0,0,0,0,NA,NA,NA,NA,NA,NA,1.083333333,10,3,NA,90,15,3,27.60166667,NA,NA,NA,NA,NA,NA,.,0,0,NA
66,Control,N,N,N,3.815789474,5.661764706,1.845975232,47.09923664,19.24107143,27.85816521,14.82495166,2.305585688,12.51936597,yellow,10.09,11.80666667,6.22,12.81666667,7.713333333,7.27,79.60653333,55.67906667,-1.181714291,7.5,0,6,0.333333333,13.5,0.333333333,0.555555556,1.25,NA,2,NA,0.0141,0.25,17,2,NA,94,13,1,23.77,NA,NA,NA,NA,NA,NA,230,152,3.234042553,NA
67,PollRob,Y,N,Y,6.296653797,5.230125523,-1.066528274,144.8888889,5.653021442,139.2358675,8.472820128,NA,NA,yellow,9.9975,14.3775,6.425,13.66,6.09,6.7,87.8126,41.438975,-0.546083241,10.5,0.166666667,4,0.666666667,14.5,0.833333333,0.724137931,2.625,6,3,0.0339,0.0155,0.666666667,17,3,8.828283302,86,13,3.666666667,22.145,NA,NA,NA,NA,NA,NA,219,268,5.70212766,5
68,Pollination,N,N,Y,6.666666667,NA,NA,54.87179487,NA,NA,13.86942031,NA,NA,yellow,NA,NA,NA,NA,NA,NA,NA,NA,NA,0.166666667,0,0.5,0,0.666666667,0,0.25,0.333333333,NA,NA,NA,NA,12.33333333,15,4,0.86796875,82,15,2.333333333,27.73333333,NA,NA,NA,NA,NA,NA,230,13,0.276595745,0
69,Robbing,Y,N,N,4.453125,NA,NA,37.47474747,6.302521008,31.17222646,10.27548333,3.760157822,6.515325509,yellow,7.4525,13.5475,5.4975,12.0925,6.7175,5.6425,67.83215,38.69925,-2.261824457,5.5,0.333333333,2.833333333,0.333333333,8.333333333,0.666666667,0.66,1.941176471,2.5,1.5,0.01545,0.0105,4.333333333,26,1,NA,83,14,2.333333333,23.38333333,0,0,0,0,0,0,215,112,2.382978723,2
70,Florivory,N,Y,N,4.719101124,4.157303371,-0.561797753,29.5,81.33333333,-51.83333333,34.69653204,75.74492013,-41.04838809,red,6.376875,16.535,5.5625,9.52375,4.30125,4.3525,53.48236875,19.71503125,-2.696227845,22.5,4.166666667,12.33333333,0.833333333,34.83333333,5,0.645933014,1.824324324,3.68,3.8,0.012504,0.0115,5.333333333,39,5,NA,93,14,7.666666667,30.05,0,0,0,0,0,0,197,400,8.510638298,11
71,Control,N,N,N,21,16.50700935,-4.492990654,NA,47.71929825,NA,8.166773465,2.945852256,5.220921208,yellow,6.771578947,16.36789474,5.812631579,10.74894737,4.834210526,4.715263158,65.57644737,23.55191579,-2.197595861,22.5,1.833333333,12.16666667,0.833333333,34.66666667,2.666666667,0.649038462,1.849315068,4.090909091,1.6,0.016354545,0.0079,0.5,21,4,NA,86,14,6,24.70333333,6,0,4,0.3,0,0.2,203,490,10.42553191,6
72,Robbing,Y,N,N,15.43918919,8.474702381,-6.964486808,52.08053691,96.7961165,-44.71557959,7.96122844,2.356891512,5.604336928,yellow,7.72,14.25,6.9175,10.1675,5.4125,6.4025,69.34935,34.728325,-2.106681268,8,1.166666667,1.833333333,0.166666667,9.833333333,1.333333333,0.813559322,4.363636364,4.571428571,NA,0.015585714,NA,0.375,6,4,2.1703125,84,14,1.333333333,21.41833333,NA,NA,NA,NA,NA,NA,210,177,3.765957447,NA
73,Robbing,Y,N,N,5.007948922,4.921383648,-0.086565275,27.96666667,84.02564103,-56.05897436,6.087490466,2.498393286,3.58909718,yellow,NA,NA,NA,NA,NA,NA,NA,NA,NA,3.166666667,0,0.666666667,0.166666667,3.833333333,0.166666667,0.826086957,4.75,NA,1,NA,0.0022,6.25,8,5,NA,85,14,1,16.71833333,NA,NA,NA,NA,NA,NA,236,72,1.565217391,NA
74,Florivory,N,Y,N,2.888239116,6.994680851,4.106441735,89.91525424,23.80434783,66.11090641,5.717939804,NA,NA,yellow,7.803333333,12.25333333,6.113333333,10.34,7.43,6.866666667,63.31903333,51.24516667,-2.610856761,8,0,4.666666667,0.166666667,12.66666667,0.166666667,0.631578947,1.714285714,NA,NA,NA,NA,0.625,11,4,8.915243902,94,13,3.666666667,21.08833333,NA,NA,NA,NA,NA,NA,229,154,3.276595745,1
75,Control,N,N,N,11.00378788,9.891975309,-1.11181257,24.4973545,38.33333333,-13.83597883,16.49271282,0.844443947,15.64826888,yellow,9.423333333,12.18666667,6.163333333,13.11,6.823333333,6.1,79.7882,41.9247,-1.308985959,12.6,0.2,1.8,0.2,14.4,0.4,0.875,7,4,2,0.0144,0.0112,4.5,10,2,NA,83,14,2,24.73833333,NA,NA,NA,NA,NA,NA,223,221,4.70212766,23
76,PollFlor,N,Y,Y,NA,NA,NA,NA,NA,NA,NA,NA,NA,NA,NA,NA,NA,NA,NA,NA,NA,NA,NA,0,0,0,0,0,0,NA,NA,NA,NA,NA,NA,5.875,15,5,NA,80,12,0,27.155,NA,NA,NA,NA,NA,NA,.,0,0,NA
77,RobFlor,Y,Y,N,5.147849462,6.391437309,1.243587847,27.51445087,60.76433121,-33.24988034,35.14430463,35.90808367,-0.76377904,red,NA,9.9,6.62,5.69,5.57,4.96,37.6678,27.6272,NA,4,0,8.666666667,0,12.66666667,0,0.315789474,0.461538462,NA,NA,NA,NA,9.25,11,3,NA,80,13,3.333333333,20.425,NA,NA,NA,NA,NA,NA,231,98,2.085106383,21
78,Pollination,N,N,Y,8.308823529,6.713483146,-1.595340383,65.69116164,77.88235294,-12.19119131,20.15139917,4.449221586,15.70217759,yellow,7.885714286,13.83285714,6.141428571,10.35571429,5.275714286,6.137142857,64.76868571,32.92875714,-2.357966482,8.666666667,0.666666667,5,0.166666667,13.66666667,0.833333333,0.634146341,1.733333333,4.333333333,NA,0.016966667,NA,0,3,2,NA,90,14,3.666666667,16.675,NA,NA,NA,NA,NA,NA,215,282,6,0
79,PollRob,Y,N,Y,25.64465409,5.293880837,-20.35077325,64.88372093,7.903225806,56.98049512,12.23433899,1.948709518,10.28562947,yellow,8.623333333,11.14666667,6.42,12.18333333,6.623333333,7.56,78.93703333,49.86873333,-1.851280517,6.833333333,0.833333333,4.333333333,0.333333333,11.16666667,1.166666667,0.611940299,1.576923077,3,NA,0.014575,NA,2.25,9,3,NA,81,14,2.666666667,25.56833333,NA,NA,NA,NA,NA,NA,221,261,5.553191489,0
80,Control,N,N,N,2.398989899,11.27272727,8.873737374,25.55555556,61.17021277,-35.61465721,75.45882676,88.29575935,-12.83693258,red,8.31,13.554,7.084,12.706,5.974,5.432,90.21274,32.70028,-1.258915987,3.833333333,0.833333333,1.333333333,0,5.166666667,0.833333333,0.741935484,2.875,3.8,NA,0.01016,NA,1,11,4,NA,73,11,1.333333333,13.23166667,0,0,4,0,0,1,216,92,1.957446809,2
81,PollRobFlor,Y,Y,Y,NA,3.302083333,NA,NA,57.4122807,NA,NA,NA,NA,NA,8.323333333,14.07666667,6.443333333,12.34,7.953333333,5.893333333,79.6305,46.75673333,-1.515522837,3.333333333,0.333333333,1.666666667,0,5,0.333333333,0.666666667,2,3,NA,0.01456,NA,2.125,4,2,17.82054409,73,11,2,19.14333333,NA,NA,NA,NA,NA,NA,229,107,2.326086957,2
82,Pollination,N,N,Y,10.17739534,11.69481982,1.517424475,71.26984125,38.8836478,32.38619345,2.050986977,1.130713708,0.920273269,yellow,6.8825,13.0975,7.4925,12.4525,5.8075,6.245,94.2992,37.527675,-1.63521342,5,0.166666667,6.5,0.333333333,11.5,0.5,0.434782609,0.769230769,3,2,0.012,0.010255,5.625,14,4,NA,81,12,2.666666667,21.37,NA,NA,NA,NA,NA,NA,221,177,3.765957447,5
83,RobFlor,Y,Y,N,4.607067511,18.71014493,14.10307742,96.8115942,27.19602978,69.61556442,4.960340118,1.613749566,3.346590551,yellow,10.23333333,18.34,9.316666667,14.33666667,3.94,3.233333333,134.3777,13.19603333,1.648263765,4.833333333,0.333333333,4,0.166666667,8.833333333,0.5,0.547169811,1.208333333,2,NA,0.0123,NA,1,23,4,NA,87,13,5.666666667,18.17333333,NA,NA,NA,NA,NA,NA,229,127,2.70212766,0
84,Florivory,N,Y,N,NA,15.43518519,NA,117.5,68.16326531,49.33673469,5.076522447,1.612015364,3.464507083,yellow,9.3075,17.9775,7.3725,14.3425,4.7825,3.3675,105.65115,16.34555,0.51358802,4.166666667,1,10.66666667,0.833333333,14.83333333,1.833333333,0.280898876,0.390625,3.166666667,1.75,0.0152,0.009925,2.75,4,1,NA,84.6,21,3,11.825,0,0,2,0,0,0.125,208,150,3.191489362,32
85,Control,N,N,N,7.195121951,3.110972569,-4.084149383,27.21649485,56.30057803,-29.08408318,5.507715121,3.821481052,1.686234069,yellow,8.666666667,18.19,10,16.07666667,5.193333333,3.806666667,160.9033333,20.00326667,1.824112653,15.83333333,0.166666667,13.16666667,0.666666667,29,0.833333333,0.545977011,1.202531646,4,1.5,0.01359,0.0082,1.375,12,3,NA,81.1,20,1.666666667,16.26,0,0,0,0,0,0,203,274,5.829787234,13
86,Control,N,N,N,13.95299145,14.85119048,0.898199023,45.35353535,46.51741294,-1.16387759,6.487096996,7.289429867,-0.802332871,yellow,9.36,18.565,8.3725,12.76,4.665,3.64,112.791625,16.97915,0.604708809,7,0.333333333,8.666666667,0.833333333,15.66666667,1.166666667,0.446808511,0.807692308,NA,3,NA,0.011466667,1.5,10,1,NA,78.6,19,2.333333333,20.70833333,NA,NA,NA,NA,NA,NA,202,324,6.893617021,19
87,Florivory,N,Y,N,7.736486486,11.171875,3.435388514,85.42056075,22.21925134,63.20130941,60.14052302,56.18643277,3.954090248,red,5.41,16.34,6.836666667,8.595,3.56,3.265,60.3138,11.25405,-2.738816316,5.166666667,0.5,6.166666667,0.833333333,11.33333333,1.333333333,0.455882353,0.837837838,2.666666667,2,0.012956667,0.0085,8,10,4,NA,83.4,18,3,17.34666667,NA,NA,NA,NA,NA,NA,212,100,2.127659574,6
88,Pollination,N,N,Y,19.46428571,3.027950311,-16.4363354,35.51401869,50.72580645,-15.21178776,13.73347068,NA,NA,yellow,7.313333333,14.89666667,7.656666667,12.46,3.826666667,3.026666667,95.33003333,12.3825,-1.180860998,4.333333333,0.166666667,2.5,0.666666667,6.833333333,0.833333333,0.634146341,1.733333333,5,2.5,0.0179,0.01024,12.875,2,1,NA,72,20,0.666666667,14.75,NA,NA,NA,NA,NA,NA,224,111,2.361702128,15
89,PollRobFlor,Y,Y,Y,16.32911392,6.873015873,-9.456098051,38.7755102,57.77777778,-19.00226758,14.83459391,1.501108,13.33348591,yellow,8.2,17.12333333,8.336666667,14.15333333,4.053333333,3.16,117.9239,12.80233333,0.256098429,4.166666667,0,1,0.166666667,5.166666667,0.166666667,0.806451613,4.166666667,NA,2,NA,0.00933,2.125,15,5,NA,88.3,19,0.666666667,17.75833333,NA,NA,NA,NA,NA,NA,223,95,2.021276596,1
90,Florivory,N,Y,N,4.75,8.806306306,4.056306306,133.75,141.2698413,-7.5198413,11.70466846,3.615910122,8.088758337,yellow,8.57,17.19,9.283333333,14.32,4.136666667,3.676666667,132.8778333,15.23076667,0.779346648,2.333333333,0,1,0.333333333,3.333333333,0.333333333,0.7,2.333333333,NA,2.5,NA,0.00495,0.625,2,1,13.77692308,77.7,19,0.333333333,20.58,NA,NA,NA,NA,NA,NA,231,38,0.808510638,12
91,RobFlor,Y,Y,N,4.802631579,3.539473684,-1.263157895,34.25584256,49.72222222,-15.46637966,1.504686576,1.778452163,-0.273765587,yellow,8.726666667,16.10333333,8.966666667,14.96666667,4.53,3.46,134.3993333,15.76423333,0.655310743,5,0,2.666666667,0.166666667,7.666666667,0.166666667,0.652173913,1.875,NA,3,NA,0.0061,2.875,8,2,NA,74.2,19,0,15.43333333,NA,NA,NA,NA,NA,NA,211,137,2.914893617,0
92,Florivory,N,Y,N,14.18258503,12.78528529,-1.397299749,NA,113.6986301,NA,16.58412121,2.636077493,13.94804371,yellow,9.88,17.82333333,10.11,16.15666667,5.06,3.963333333,163.7961,20.05286667,2.19681214,5.666666667,0.166666667,4.5,0.333333333,10.16666667,0.5,0.557377049,1.259259259,NA,2,NA,0.0054,1.625,7,2,NA,74.6,19,2.333333333,17.815,NA,NA,NA,NA,NA,NA,217,50,1.063829787,15
93,Robbing,Y,N,N,7.981927711,9.166666667,1.184738956,51.77777778,29.75438596,22.02339182,9.301428047,NA,NA,yellow,9.163333333,17.64666667,8.793333333,14.78666667,4.203333333,3.273333333,130.1413,13.77596667,1.031729624,4.666666667,0,5.5,0.666666667,10.16666667,0.666666667,0.459016393,0.848484848,NA,2,NA,0.0056,2.625,7,1,NA,76.5,19,2.333333333,15.96833333,NA,NA,NA,NA,NA,NA,212,95,2.021276596,3
94,Florivory,N,Y,N,18.68131868,7.283105023,-11.39821366,116.8421053,52.84810127,63.99400403,37.63362371,37.69471961,-0.061095898,red,9.626666667,18.47666667,9.536666667,14.81666667,4.806666667,3.043333333,141.3838667,14.69113333,1.686667858,7.166666667,1,2.5,0.833333333,9.666666667,1.833333333,0.74137931,2.866666667,2.666666667,1.5,0.009166667,0.007405,0.375,2,1,NA,89.5,21,0,23.11333333,NA,NA,NA,NA,NA,NA,218,113,2.404255319,1
95,Robbing,Y,N,N,12.47916667,4.32,-8.159166667,89.81132075,20.09433962,69.71698113,42.18420383,78.6426092,-36.45840537,red,7.623333333,18.68,10.38333333,16.22,5.036666667,4.43,169.0847,22.36373333,1.833743656,4,0.166666667,3.666666667,0.333333333,7.666666667,0.5,0.52173913,1.090909091,3,2.5,0.0152,0.0052,0.375,1,1,NA,80.1,17,0.666666667,17.21833333,NA,NA,NA,NA,NA,NA,222,84,1.787234043,0
96,Florivory,N,Y,N,13.03097345,13.21428571,0.183312263,35.54054054,80.28037383,-44.73983329,11.75146661,2.767921367,8.983545243,yellow,6.6,12.42,5.01,NA,4.12,3.52,NA,14.5024,NA,1.666666667,0,0.5,0,2.166666667,0,0.769230769,3.333333333,3.333333333,1.166666667,0.027366667,0.008375,3.125,3,2,3.9234375,78,19,0,17.65333333,NA,NA,NA,NA,NA,NA,233,43,0.914893617,1
97,Pollination,N,N,Y,2.556818182,NA,NA,73.0793196,138.0263158,-64.9469962,39.85930484,1.037345104,38.82195974,red,4.52,17.19,7.43,14.22,5.89,4.33,105.6546,25.5037,-0.884114184,3.166666667,0,6.5,0.5,9.666666667,0.5,0.327586207,0.487179487,1.4,1.047619048,0.01068,0.005790476,17.875,7,3,3.6203125,66.6,15,1.333333333,14.87333333,NA,NA,NA,NA,NA,NA,223,41,0.872340426,1
98,Florivory,N,Y,N,3.48173516,NA,NA,32.01388889,NA,NA,9.20198676,NA,NA,yellow,NA,NA,NA,NA,NA,NA,NA,NA,NA,0.666666667,0,0.333333333,0,1,0,0.666666667,2,NA,NA,NA,NA,7.25,3,1,NA,66.9,20,0,12.92833333,NA,NA,NA,NA,NA,NA,230,24,0.510638298,38
99,PollRobFlor,Y,Y,Y,16.90789474,16.48809524,-0.419799499,87.20430108,17.99396682,69.21033426,8.288969718,2.865488379,5.423481339,yellow,8.166666667,18.44333333,9.29,13.95,5.07,4.033333333,129.8090667,20.74593333,0.872825058,4,0.166666667,4.833333333,0.833333333,8.833333333,1,0.452830189,0.827586207,1.666666667,1.057142857,0.007083333,0.007214286,0.875,16,6,2.650228659,77.6,18,2.333333333,19.07666667,NA,NA,NA,NA,NA,NA,212,94,2,4
100,Robbing,Y,N,N,-0.026205451,-4.350393701,-4.32418825,47.19008264,161.8478261,-114.6577435,75.09667977,76.90438807,-1.807708301,red,5.6,17.47666667,9.693333333,14.39666667,4.856666667,4.553333333,140.4316667,22.17906667,0.264780385,2.333333333,0,3.166666667,0.166666667,5.5,0.166666667,0.424242424,0.736842105,NA,2,NA,0.005,10.5,8,4,4.409679878,67.7,19,2.666666667,15.045,NA,NA,NA,NA,NA,NA,215,66,1.404255319,0
101,PollRobFlor,Y,Y,Y,4.974263921,0.737127371,-4.23713655,NA,54.97076023,NA,80.09112242,82.83420296,-2.743080543,red,8.356666667,17.66333333,7.753333333,12.56,5.083333333,4.14,99.35053333,22.18,-0.236010794,4.5,0,1.166666667,0,5.666666667,0,0.794117647,3.857142857,NA,NA,NA,NA,1.375,8,2,8.842307692,82,12,1.333333333,20.19166667,0,0,0,0,0,0,203,175,3.723404255,17
102,PollRobFlor,Y,Y,Y,4.396367521,2.56234414,-1.834023382,88.05555556,NA,NA,8.137973726,5.680774389,2.457199337,yellow,8.4425,17.29,7.7025,13.6125,5.34,4.635,106.72635,24.705125,-0.019715712,7,0.166666667,3,0.166666667,10,0.333333333,0.7,2.333333333,4,4,0.0268,0.0285,1.5,8,2,8.963414634,83,11,2,16.645,NA,NA,NA,NA,NA,NA,221,276,5.872340426,0
103,Robbing,Y,N,N,4.762426901,2.401079137,-2.361347764,43.66666667,80.51948052,-36.85281385,5.162642849,3.808886869,1.35375598,yellow,9.3275,18.62125,6.9475,12.30125,5.81125,5.03,91.6904375,28.8526125,-0.046193559,18.5,1.5,6.5,0.666666667,25,2.166666667,0.74,2.846153846,3.571428571,2.25,0.026171429,0.015875,2.625,9,3,6.238341346,100,13,3.333333333,27.61,0,0,0,0,0,0,209,449,9.553191489,4
104,PollFlor,N,Y,Y,5.18907563,8.938356164,3.749280534,56.49122807,91.47286822,-34.98164015,15.09549958,6.239208661,8.856290924,yellow,7.682,15.386,6.996,11.9325,5.47,3.7625,78.587775,19.574525,-1.385631748,10.33333333,0,2.833333333,0.333333333,13.16666667,0.333333333,0.784810127,3.647058824,NA,2,NA,0.01565,4,2,2,NA,96,15,5,23.34333333,0,0,0,0,0,0,211,325,6.914893617,5
105,Robbing,Y,N,N,12.94642857,3.957219251,-8.98920932,25.8125,12.98534799,12.82715201,15.53971915,4.184620497,11.35509865,yellow,9.35,17.368,7.146,14.646,5.29,4.698,109.47108,24.8312,0.378944534,9.666666667,0.166666667,4.666666667,0,14.33333333,0.166666667,0.674418605,2.071428571,NA,NA,NA,NA,0,6,4,14.61538462,80,13,4,19.705,0,0,4,0,0,0.5,212,219,4.659574468,25
106,Control,N,N,N,6.94214876,8.242574257,1.300425497,115.7671958,57.83950617,57.92768963,8.90393239,8.648291386,0.255641005,yellow,NA,NA,NA,NA,NA,NA,NA,NA,NA,1.5,0.166666667,1.5,0,3,0.166666667,0.5,1,2,NA,0.0174,NA,2.5,5,2,9.280769231,74,14,1,13.39833333,NA,NA,NA,NA,NA,NA,222,122,2.595744681,1
107,PollRob,Y,N,Y,6.18705036,18.15934066,11.9722903,25.5952381,53.45528455,-27.86004645,9.367108152,4.441838885,4.925269267,yellow,7.884285714,18.54,7.322857143,12.64142857,5.8,4.632857143,94.55522857,26.78575714,-0.279691629,15,0.333333333,4.333333333,0.666666667,19.33333333,1,0.775862069,3.461538462,4,2.75,0.01215,0.02007,2.125,5,2,8.180722326,81,12,2,18.91833333,0,0,4,0,0,1,214,336,7.14893617,4
108,PollFlor,N,Y,Y,4.006756757,3.589385475,-0.417371282,99.7752809,79.03703704,20.73824386,3.457721604,5.675509177,-2.217787573,yellow,11.56333333,16.30333333,8.42,14.05666667,5.386666667,4.433333333,120.2396,24.14533333,1.270588706,2.833333333,0,0.833333333,0,3.666666667,0,0.772727273,3.4,NA,NA,NA,NA,3.125,6,4,14.43461538,94,13,2.666666667,27.65,NA,NA,NA,NA,NA,NA,222,144,3.063829787,NA
109,RobFlor,Y,Y,N,4.5761079,3.002392344,-1.573715555,21.32706374,9.407407407,11.91965633,5.2520122,6.373520127,-1.121507927,yellow,10.2,17.625,10.49,16.2,5.705,4.51,170.1108,25.98435,2.414787708,2.5,0,0.333333333,0,2.833333333,0,0.882352941,7.5,NA,NA,NA,NA,1.875,13,2,9.197514071,91,13,1.333333333,23.29,NA,NA,NA,NA,NA,NA,219,209,4.446808511,NA
110,Pollination,N,N,Y,10.55555556,10.95545977,0.399904215,110.1851852,71.72932331,38.45586189,10.36335021,2.653071857,7.710278357,yellow,7.946875,16.865,5.913125,12.620625,5.63125,5.17625,77.058825,28.59414375,-1.206364954,18.33333333,1,6.166666667,1.333333333,24.5,2.333333333,0.74829932,2.972972973,2.5,1.571428571,0.011066667,0.008602857,1.25,10,2,6.348780488,89,14,3,23.38333333,0,0,4,0,0,0.2,211,398,8.468085106,12
111,PollRob,Y,N,Y,1.881390593,-2.545454545,-4.426845139,44.46428571,71.42857143,-26.96428572,72.6011826,72.13682152,0.464361077,red,NA,NA,NA,NA,NA,NA,NA,NA,NA,0.833333333,0,1.166666667,0,2,0,0.416666667,0.714285714,NA,NA,NA,NA,1.25,5,4,9.709615385,93,15,4.666666667,18.74666667,NA,NA,NA,NA,NA,NA,218,182,3.872340426,0
112,Pollination,N,N,Y,NA,11.72275641,NA,54.25925926,48.79385965,5.46539961,8.404108236,6.436703876,1.96740436,yellow,NA,NA,NA,NA,NA,NA,NA,NA,NA,2.666666667,0,1.833333333,0,4.5,0,0.592592593,1.454545455,NA,NA,NA,NA,6.125,11,4,3.0625,82,15,0.666666667,18.65166667,NA,NA,NA,NA,NA,NA,222,137,2.914893617,NA
113,PollFlor,N,Y,Y,NA,NA,NA,NA,NA,NA,NA,NA,NA,NA,NA,NA,NA,NA,NA,NA,NA,NA,NA,0,0,0,0,0,0,NA,NA,NA,NA,NA,NA,2.5,0,0,NA,26.2,8,0,32.58,NA,NA,NA,NA,NA,NA,.,0,0,NA
114,PollRob,Y,N,Y,9.539473684,8.351449275,-1.188024409,82.11267606,56.16438356,25.9482925,8.799149619,5.368122335,3.431027284,yellow,7.865,14.96,7.49,13.45,5.285,4.5225,92.4616,24.504375,-0.798169667,2.5,0.166666667,1.333333333,0.166666667,3.833333333,0.333333333,0.652173913,1.875,4,1,0.0287,0.0097,2.125,11,2,2.543902439,76,12,4,14.95333333,NA,NA,NA,NA,NA,NA,218,201,4.276595745,44
115,Pollination,N,N,Y,15.58139535,4.337349398,-11.24404595,17.98507463,12.31213873,5.6729359,3.569151552,6.443738878,-2.874587326,yellow,9.27,18.82,10.28,17.73,7.7,6.49,182.2644,49.973,2.765470452,3.5,0,0.666666667,0,4.166666667,0,0.84,5.25,NA,NA,NA,NA,0.625,4,3,5.445121951,80,13,3,22.39333333,NA,NA,NA,NA,NA,NA,218,179,3.808510638,0
116,Control,N,N,N,11.31455399,8.605442177,-2.709111814,NA,48.68686869,NA,6.653793239,3.708743476,2.945049763,yellow,7.2,16.73333333,7.566666667,13.41333333,5.046666667,4.076666667,102.0572333,20.7426,-0.604410193,4.333333333,0.333333333,4.166666667,0.833333333,8.5,1.166666667,0.509803922,1.04,2.5,2,0.01895,0.00934,0.125,7,2,4.165625,76,14,5,20.52,NA,NA,NA,NA,NA,NA,212,201,4.276595745,0
117,PollRob,Y,N,Y,11.83928571,6.726618705,-5.112667009,45.76388889,115,-69.23611111,6.060182133,2.935869875,3.124312258,yellow,10.81333333,16.55666667,8.976666667,13.85333333,6.14,4.763333333,124.9731,29.55186667,1.170620636,3.833333333,0,0.833333333,0.166666667,4.666666667,0.166666667,0.821428571,4.6,NA,2,NA,0.0027,12.875,2,2,6.248780488,81,16,4,20.31666667,NA,NA,NA,NA,NA,NA,229,152,3.234042553,0
118,Florivory,N,Y,N,7.70661157,22.04613095,14.33951938,NA,NA,NA,23.50210545,4.11425004,19.38785541,yellow,9.02,17.18,7.99,14.764,5.492,5.482,125.16036,30.15246,0.56963297,18.33333333,0.333333333,3.666666667,0.666666667,22,1,0.833333333,5,4,2.75,0.02865,0.02095,0.625,5,3,2.485708841,89,15,3.666666667,17.12666667,0,0,0,0,0,0,212,280,5.957446809,25
119,Pollination,N,N,Y,8.371059316,3.849557522,-4.521501794,NA,32.06666667,NA,3.591836484,3.407786625,0.184049859,yellow,7.745,15.2675,7.0425,12.18666667,5.683333333,5.913333333,74.29146667,32.7933,-1.300789208,5.166666667,0,5,0.333333333,10.16666667,0.333333333,0.508196721,1.033333333,NA,1,NA,0.00205,1.875,12,4,4.814462652,78,16,2.666666667,19.57166667,NA,NA,NA,NA,NA,NA,221,162,3.446808511,2
120,Robbing,Y,N,N,NA,NA,NA,NA,NA,NA,NA,NA,NA,NA,NA,NA,NA,NA,NA,NA,NA,NA,NA,0,0,0,0,0,0,NA,NA,NA,NA,NA,NA,1.25,2,2,NA,68.1,16,0.5,20.9575,NA,NA,NA,NA,NA,NA,.,0,0,NA
121,Control,N,N,N,11.89285714,-2.017045455,-13.9099026,29.62199313,64.24242424,-34.62043111,85.86747501,86.69377873,-0.826303721,red,8.53,18.56,8.95,12.93,5.92,5.3,115.7235,31.376,0.597644438,0.666666667,0,1.333333333,0.333333333,2,0.333333333,0.333333333,0.5,NA,2,NA,0.0145,0.375,10,5,7.135365854,96,17,3.666666667,23.82166667,NA,NA,NA,NA,NA,NA,223,158,3.361702128,0
122,Florivory,N,Y,N,6.294642857,13.64457831,7.349935456,36.6951567,85.10869565,-48.41353895,13.66311026,2.185278949,11.47783132,yellow,7.077,17.349,6.402,12.978,5.351,5.164,85.97181,27.80473,-1.046143861,4.666666667,0.5,2,0.166666667,6.666666667,0.666666667,0.7,2.333333333,4.5,3,0.0201,0.0088,0.625,5,2,NA,78,17,1,19.17,0,0,2,0,0,0.25,212,67,1.558139535,2
123,Control,N,N,N,7.972222222,6.458333333,-1.513888889,66.4,54.88773748,11.51226252,10.02223996,2.966978464,7.055261495,yellow,7.96,17.036,7.788,12.674,5.338,5.624,102.75744,30.03444,-0.457836881,5.833333333,0,2.833333333,0,8.666666667,0,0.673076923,2.058823529,5,2,0.0231,0.0041,0.5,5,3,5.755347092,81,14,5.666666667,21.11166667,NA,NA,NA,NA,NA,NA,215,198,4.212765957,0
124,Florivory,N,Y,N,1.361940299,2.819314642,1.457374343,81.28787879,62.32,18.96787879,9.665239262,5.806301006,3.858938257,yellow,8.16,17.38571429,7.397142857,12.32857143,5.632857143,4.774285714,93.19958571,26.67105714,-0.559606078,8,0.333333333,2.333333333,0.166666667,10.33333333,0.5,0.774193548,3.428571429,3,NA,0.023,NA,4.375,7,2,6.492682927,82,16,5.333333333,16.97666667,0,0,4,0,0,1,193,261,5.553191489,0
125,PollRob,Y,N,Y,14.12820513,NA,NA,16.84210526,NA,NA,5.287846309,NA,NA,yellow,8.285,16.7175,6.88875,12.925,5.235,4.94375,94.635725,25.88815,-0.694945283,0.4,0,4.2,1,4.6,1,0.086956522,0.095238095,NA,2.25,NA,0.012925,2,16,2,NA,80.5,22,1.333333333,18.445,NA,NA,NA,NA,NA,NA,203,44,1.157894737,5
126,Pollination,N,N,Y,4.880239521,0.139652015,-4.740587506,151.6216216,40.03745318,111.5841684,63.02430169,87.46606616,-24.44176446,red,8.454,16.932,7.976,13.966,6.192,5.226,113.18968,32.34754,0.101578894,5.333333333,0.166666667,1.5,0.166666667,6.833333333,0.333333333,0.780487805,3.555555556,5,NA,0.0345,NA,9,7,4,4.230843496,87.7,21,0,25.32333333,NA,NA,NA,NA,NA,NA,221,174,3.70212766,1
127,RobFlor,Y,Y,N,12.56024096,7.901785714,-4.65845525,54.88888889,52.17391304,2.71497585,9.052795249,3.673036787,5.379758462,yellow,8.997142857,17.41142857,6.625714286,12.81,5.495714286,4.512857143,89.36827143,24.63415714,-0.442053574,11.16666667,0.333333333,6.833333333,1.333333333,18,1.666666667,0.62037037,1.634146341,5,1.857142857,0.04455,0.012214286,3.25,5,2,2.748882114,80.4,20,1,21.9,0,0,2,0,0,0.25,210,333,7.085106383,34
128,PollRob,Y,N,Y,0.737742303,6.33974359,5.602001286,89.44444444,107.0992366,-17.65479216,6.620153952,2.699743328,3.920410624,yellow,8.656666667,18.00666667,6.483333333,11.38666667,5.575,5.043333333,76.25806667,28.04416667,-0.859319939,9.666666667,0.333333333,5.5,1,15.16666667,1.333333333,0.637362637,1.757575758,3.333333333,1.5,0.0246,0.0095,0.125,3,1,6.570492788,83.8,22,0.666666667,25.31166667,NA,NA,NA,NA,NA,NA,221,215,4.574468085,0
129,PollRobFlor,Y,Y,Y,14.11220044,NA,NA,94.29078014,40.08130081,54.20947933,5.49581409,3.397044436,2.098769654,yellow,9.4025,18.5875,10.1,15.4975,6.1125,4.685,159.9532,28.6297,2.041999398,13.66666667,1.166666667,23,3.333333333,36.66666667,4.5,0.372727273,0.594202899,4.714285714,2.857142857,0.0312,0.02097619,0.125,2,2,2.3546875,82.7,19,7,21.38,NA,NA,NA,NA,NA,NA,193,222,4.723404255,7
130,Robbing,Y,N,N,14.64285714,8.171875,-6.470982143,19.77477477,41.01796407,-21.2431893,5.765044881,4.874583754,0.890461126,yellow,9.29,17.91,9.906666667,17.17333333,6.66,6.01,170.141,40.08466667,2.230771631,12.5,0,3.833333333,0.333333333,16.33333333,0.333333333,0.765306122,3.260869565,NA,3,NA,0.01545,1.875,0,0,7.185741088,89.3,22,0.333333333,26.34166667,NA,NA,NA,NA,NA,NA,223,312,6.638297872,0
131,PollRobFlor,Y,Y,Y,7.233502538,6.576923077,-0.656579461,NA,67.98449612,NA,10.84360294,5.575812819,5.267790118,yellow,9.63,16.62333333,9.896666667,15.34666667,5.863333333,4.84,153.9342667,28.36033333,1.515242663,7.5,3.5,3.666666667,0.5,11.16666667,4,0.671641791,2.045454545,NA,3.666666667,NA,0.017566667,1.25,6,3,4.79367378,81,21,0.333333333,20.645,NA,NA,NA,NA,NA,NA,211,163,3.468085106,NA
132,PollRob,Y,N,Y,NA,15.76550388,NA,44.34782609,NA,NA,54.71822886,56.50904967,-1.790820811,red,8.1525,17.1925,5.6175,11.2975,5.72625,5.09375,68.0659875,29.2766625,-1.557243866,11,0.166666667,3.166666667,0.166666667,14.16666667,0.333333333,0.776470588,3.473684211,5,3,0.0191,0.0098,20.75,7,2,0.328125,84.7,21,2,28.62333333,NA,NA,NA,NA,NA,NA,191,339,7.212765957,8
133,Pollination,N,N,Y,9.738095238,4.234317343,-5.503777895,NA,43.84937238,NA,61.86022394,NA,NA,red,6.953333333,15.35,8.663333333,13.31,4.015,2.72,122.1922,11.0846,-0.577275297,4,0,0.666666667,0.166666667,4.666666667,0.166666667,0.857142857,6,NA,3,NA,0.0136,1.375,13,5,7.352439024,81.1,21,0,21.37833333,NA,NA,NA,NA,NA,NA,222,191,4.063829787,0
134,RobFlor,Y,Y,N,8.199891068,7.594444444,-0.605446623,NA,104.1666667,NA,2.269458425,1.705139694,0.564318731,yellow,7.596666667,17.48666667,9.783333333,16.88333333,5.03,4.413333333,164.5538667,23.67363333,1.482970887,9.5,0,6,0.333333333,15.5,0.333333333,0.612903226,1.583333333,NA,2,NA,0.0175,10.625,14,5,8.644183865,72.4,22,0.666666667,27.86,NA,NA,NA,NA,NA,NA,211,276,5.872340426,NA
135,Florivory,N,Y,N,10.45833333,4.641025641,-5.817307692,70.40816327,50.47619048,19.93197279,76.45106056,NA,NA,red,NA,NA,NA,NA,NA,NA,NA,NA,NA,7.333333333,0,4.666666667,0.166666667,12,0.166666667,0.611111111,1.571428571,NA,2,NA,0.0116,2.75,2,2,5.231707317,68.2,18,0,21.625,NA,NA,NA,NA,NA,NA,229,132,2.808510638,0
136,Pollination,N,N,Y,0.042016807,3.06372549,3.021708683,60.52631579,53.69791667,6.82839912,65.73468532,NA,NA,red,6.37,11.995,7.32,11.895,3.83,3.455,89.6067,14.3458,-2.118435278,15,0.166666667,5.333333333,0.5,20.33333333,0.666666667,0.737704918,2.8125,4,1.5,0.0107,0.00575,10,12,2,5.625609756,70.8,20,0.666666667,21.77333333,NA,NA,NA,NA,NA,NA,229,182,3.872340426,1
137,Pollination,N,N,Y,25.19736842,8.342749529,-16.85461889,108.5915493,48.65979381,59.93175549,4.254875723,1.419611248,2.835264474,yellow,5.98,19.5,7.56,10.4,5.84,3.96,78.624,23.1264,-1.02860513,4.666666667,0.166666667,6.166666667,0.666666667,10.83333333,0.833333333,0.430769231,0.756756757,NA,1.5,NA,0.00615,1.25,3,2,4.471360518,68.1,22,1.333333333,19.40333333,0,0,2,0,0,0.5,216,101,2.14893617,23
138,PollRob,Y,N,Y,5.969202899,2,-3.969202899,57.65278802,40.88983051,16.76295751,4.623701599,1.627209886,2.996491713,yellow,8.763333333,16.61,6.74,12.265,5.92,4.57,76.435,27.20116667,-0.815253152,13.5,0,8.833333333,0.5,22.33333333,0.5,0.604477612,1.528301887,NA,1.75,NA,0.0078,3.25,3,3,5.346036585,73.2,19,1.333333333,19.18833333,0,0,0,0,0,0,216,154,3.276595745,55
139,Pollination,N,N,Y,NA,6.311619718,NA,62.91338583,27.27272727,35.64065856,7.172855887,NA,NA,yellow,7.73875,18.0025,6.22625,13.1075,5.56375,4.63875,86.82645,25.3205125,-0.734697954,24.5,1.833333333,15.33333333,2.833333333,39.83333333,4.666666667,0.615062762,1.597826087,3.3,1.9,0.01753,0.01251,7.5,0,0,6.302439024,84.3,23,4,21.84833333,0,0,12,0,0,3,191,227,4.829787234,4
140,PollRob,Y,N,Y,8.709677419,1.465517241,-7.244160178,76.08247423,31.01449275,45.06798148,6.863655259,3.568771095,3.294884164,yellow,9.866666667,18.29333333,6.2,10.28666667,5.646666667,4.55,64.0302,26.43383333,-0.799228888,11.16666667,1.333333333,3.666666667,0.833333333,14.83333333,2.166666667,0.752808989,3.045454545,3,1.666666667,0.010675,0.009666667,8.125,3,3,7.006097561,65.5,21,0.333333333,24.37166667,NA,NA,NA,NA,NA,NA,217,164,3.489361702,0
141,PollRobFlor,Y,Y,Y,3.868015414,NA,NA,86.42857143,NA,NA,16.21323635,NA,NA,yellow,NA,NA,NA,NA,NA,NA,NA,NA,NA,0,0,1,0,1,0,0,0,NA,NA,NA,NA,4.375,3,3,NA,73.3,16,2,30.82,NA,NA,NA,NA,NA,NA,201,2,0.055555556,NA
142,Robbing,Y,N,N,8.548177083,20.80985915,12.26168207,120.8784384,34.57711443,86.30132392,34.44788066,57.06111818,-22.61323751,red,9.29,20.44,8.14,12.87666667,6.2,4.966666667,104.4843,30.85366667,1.0988564,14,0.5,3.5,0.666666667,17.5,1.166666667,0.8,4,2.333333333,2.333333333,0.0116,0.012066667,0.125,4,2,8.387288931,81.9,21,1.666666667,26.16,NA,NA,NA,NA,NA,NA,222,224,4.765957447,7
143,PollFlor,N,Y,Y,11.86363636,12.15686275,0.293226381,35.69444444,88.80701754,-53.1125731,16.74575679,5.619734267,11.12602252,yellow,7.8,18.43,8.24,14.94,5.56,4.1,123.1056,22.796,0.659762291,2.5,0.166666667,6.333333333,0.333333333,8.833333333,0.5,0.283018868,0.394736842,4,2,0.0352,0.0078,9.5,9,4,15.25384615,67.6,19,0.666666667,23.67333333,NA,NA,NA,NA,NA,NA,223,57,1.212765957,0
144,PollFlor,N,Y,Y,8.605263158,3.631386861,-4.973876297,30.86451613,69.17525773,-38.3107416,7.938006381,2.794909196,5.143097185,yellow,10.36,18.26666667,9.036666667,13.83666667,5.563333333,5.37,125.0497333,29.95083333,1.429831594,12.16666667,0.833333333,8.333333333,1,20.5,1.833333333,0.593495935,1.46,3.75,1.5,0.015175,0.018616667,0,0,0,7.07195122,70.4,20,3.333333333,22.65666667,NA,NA,NA,NA,NA,NA,216,150,3.191489362,0
145,RobFlor,Y,Y,N,8.933691756,13.18543755,4.251745796,50.5,86.53023107,-36.03023107,9.196936696,1.734498081,7.462438615,yellow,8.36,17.2175,8.5325,13.725,5.45,3.73,117.2966,19.98005,0.275829652,5.333333333,0.166666667,5.333333333,0.5,10.66666667,0.666666667,0.5,1,2,1.666666667,0.0154,0.011366667,2.083333333,12,4,9.032926829,71.7,19,1.666666667,21.835,NA,NA,NA,NA,NA,NA,204,104,2.212765957,0
146,Pollination,N,N,Y,2.526315789,4.367088608,1.840772818,104.4032922,22.37738986,82.02590234,78.19222202,58.91700157,19.27522045,red,NA,NA,NA,NA,NA,NA,NA,NA,NA,3.333333333,0,6.333333333,2.166666667,9.666666667,2.166666667,0.344827586,0.526315789,NA,1.818181818,NA,0.009727273,3.125,2,2,16.51153846,72,20,0.666666667,26.065,NA,NA,NA,NA,NA,NA,229,48,1.021276596,0
147,PollRob,Y,N,Y,NA,13,NA,70,68.53333333,1.46666667,10.9381319,3.970201971,6.967929926,yellow,NA,NA,NA,NA,NA,NA,NA,NA,NA,0.5,0,2.666666667,0.333333333,3.166666667,0.333333333,0.157894737,0.1875,NA,1,NA,0.00555,1.875,4,2,4.4921875,70.2,20,0.666666667,18.38833333,NA,NA,NA,NA,NA,NA,223,37,0.787234043,20
148,Pollination,N,N,Y,7.702702703,5.679824561,-2.022878141,273.3333333,81.08108108,192.2522522,6.256591973,2.131303469,4.125288504,yellow,7.6175,18.32,7.4275,12.2875,6.2425,3.4825,93.1578,21.40915,-0.47609114,8.833333333,0.166666667,3.833333333,0.333333333,12.66666667,0.5,0.697368421,2.304347826,NA,2,NA,0.0104,0.75,1,1,5.787804878,65,18,0,20.89,NA,NA,NA,NA,NA,NA,222,110,2.340425532,2
149,Control,N,N,N,9.462025316,8.063063063,-1.398962253,57.61904762,31.7617237,25.85732392,10.16929066,2.454523609,7.714767046,yellow,8.87,18.25,9,14.54,7.84,3.68,130.86,28.8512,1.097651763,4.333333333,0,3.5,0,7.833333333,0,0.553191489,1.238095238,NA,NA,NA,NA,5.625,8,3,7.287804878,67.1,17,0.333333333,20.65666667,NA,NA,NA,NA,NA,NA,229,93,1.978723404,0
150,PollFlor,N,Y,Y,NA,NA,NA,NA,NA,NA,NA,NA,NA,NA,NA,NA,NA,NA,NA,NA,NA,NA,NA,0,0,0,0,0,0,NA,NA,NA,NA,NA,NA,2.75,0,0,NA,61.2,15,0,29.645,NA,NA,NA,NA,NA,NA,.,0,0,NA
151,Robbing,Y,N,N,2.718579235,8.28,5.561420765,42.05673759,47.46341463,-5.40667704,78.47250633,87.7643746,-9.291868261,red,6.68,16.245,7.885,11.735,6.095,4.49,100.75055,26.35675,-1.20158157,3.333333333,0,0.5,0,3.833333333,0,0.869565217,6.666666667,NA,NA,NA,NA,2.5,5,2,1.453125,85.3,21,0,21.15,0,0,0,0,0,0,215,127,2.70212766,4
152,Pollination,N,N,Y,15.53571429,5.18018018,-10.35553411,59.20353982,102.5925926,-43.38905278,11.03074499,4.993114558,6.037630436,yellow,8.86,18.855,8.225,13.7725,7.15,3.96,118.87325,28.282575,0.756545072,6.5,0,1.833333333,0.166666667,8.333333333,0.166666667,0.78,3.545454545,NA,2,NA,0.0106,2.75,5,3,4.757564787,80.4,19,0,20.20333333,0,0,0,0,0,0,215,222,4.723404255,0
153,RobFlor,Y,Y,N,1.403903904,1.097122302,-0.306781602,87.44186047,53.31081081,34.13104966,58.14899225,70.16682113,-12.01782887,red,NA,NA,NA,NA,NA,NA,NA,NA,NA,1.166666667,0,0.5,0,1.666666667,0,0.7,2.333333333,NA,NA,NA,NA,6.25,17,3,2.5265625,75.4,17,0,16.66666667,NA,NA,NA,NA,NA,NA,229,54,1.173913043,0
154,PollRobFlor,Y,Y,Y,8.131868132,5.844827586,-2.287040546,81.16883117,63.83022774,17.33860343,10.09338691,4.25182099,5.841565917,yellow,8.352,19.494,8.192,13.578,7.19,3.75,116.2375,26.80888,0.719446908,11,0.166666667,1.166666667,0.333333333,12.16666667,0.5,0.904109589,9.428571429,1,2,0.0026,0.0115,0.125,3,3,6.855649038,88.8,16,0,22.63166667,NA,NA,NA,NA,NA,NA,211,156,3.319148936,3
155,Florivory,N,Y,N,10.68807339,13.76470588,3.076632488,135.3333333,60,75.3333333,7.509115832,6.713777899,0.795337933,yellow,NA,NA,NA,NA,NA,NA,NA,NA,NA,0.833333333,0,2.833333333,0.333333333,3.666666667,0.333333333,0.227272727,0.294117647,NA,2.5,NA,0.0127,0,9,2,13.35384615,69.6,17,0.666666667,20.71166667,NA,NA,NA,NA,NA,NA,217,64,1.361702128,13
156,PollRob,Y,N,Y,12.72123894,11.30208333,-1.419155605,117.7272727,33.83928571,83.88798699,6.599460145,3.094860977,3.504599167,yellow,NA,NA,NA,NA,NA,NA,NA,NA,NA,0.833333333,0,0.166666667,0,1,0,0.833333333,5,NA,NA,NA,NA,0.125,12,1,6.824519231,74.5,18,0,20.42166667,NA,NA,NA,NA,NA,NA,235,46,0.978723404,NA
157,RobFlor,Y,Y,N,9.292929293,-2.284946237,-11.57787553,115.2439024,40.58333333,74.66056907,51.99561969,61.52864678,-9.533027094,red,9.995,21.005,10.435,16.335,8.095,4.025,170.2812,32.5961,3.368207739,4.166666667,0.166666667,1,0,5.166666667,0.166666667,0.806451613,4.166666667,5,NA,0.0278,NA,2.875,11,2,19.51538462,76.1,19,0,28.32,NA,NA,NA,NA,NA,NA,222,132,2.808510638,0
158,PollRobFlor,Y,Y,Y,2.980649189,-1.846092504,-4.826741693,NA,48.13852814,NA,NA,68.13470217,NA,red,7.893333333,17.99666667,9.56,15.93666667,7.03,4.096666667,154.4589333,29.1271,1.341543047,7.666666667,0,3.333333333,0.166666667,11,0.166666667,0.696969697,2.3,NA,2,NA,0.016,1.25,13,2,NA,76.6,18,0,23.32,NA,NA,NA,NA,NA,NA,222,185,4.02173913,NA
159,Florivory,N,Y,N,6.741293532,7.876984127,1.135690595,82.59541985,55.61594203,26.97947782,7.837668374,2.840481469,4.997186904,yellow,8.665,20.31,9.78,17.13,7.455,3.775,168.3555,28.3395,2.670984243,1.833333333,0,3.5,0,5.333333333,0,0.34375,0.523809524,NA,NA,NA,NA,4.375,10,2,NA,78.5,20,0,16.52,NA,NA,NA,NA,NA,NA,216,72,1.531914894,NA
160,PollFlor,N,Y,Y,7.204007286,6.73828125,-0.465726036,98.10526316,61,37.10526316,62.22346359,88.7415115,-26.51804791,red,9.61,18.1,10.35,16.55,7.09,3.4,171.2925,24.106,2.374089756,3.5,0,0.833333333,0,4.333333333,0,0.807692308,4.2,NA,NA,NA,NA,4,30,2,17.77692308,81.3,19,0.333333333,28.275,NA,NA,NA,NA,NA,NA,226,169,3.595744681,0
161,PollRobFlor,Y,Y,Y,NA,-4.379310345,NA,21.76136364,84.36781609,-62.60645245,72.64428209,79.25164815,-6.607366055,red,8.104,18.56,8.162,13.612,6.822,4.348,118.79456,29.56068,0.374691658,8,0,2.833333333,0.333333333,10.83333333,0.333333333,0.738461538,2.823529412,NA,2,NA,0.01155,1.25,19,2,15.69038462,81.8,20,0.333333333,21.64333333,NA,NA,NA,NA,NA,NA,211,255,5.425531915,4
162,Florivory,N,Y,N,7.286666667,13.40277778,6.116111111,58.77192982,91.00840336,-32.23647354,5.869039554,5.455263993,0.413775561,yellow,7.14,17.555,8.68,14.5375,7.035,3.73,131.3642,27.2601,0.303562106,6.5,0.166666667,2.166666667,0,8.666666667,0.166666667,0.75,3,6,NA,0.0359,NA,17.5,18,5,7.23902439,81.5,16,1.333333333,20.48333333,NA,NA,NA,NA,NA,NA,212,176,3.744680851,3
163,PollFlor,N,Y,Y,4.568181818,-2.759259259,-7.327441077,138.75,68.29545455,70.45454545,82.00779647,78.73029276,3.277503718,red,NA,NA,NA,NA,NA,NA,NA,NA,NA,1.333333333,0,0,0,1.333333333,0,1,NA,4,NA,0.0426,NA,0.625,23,3,NA,76.2,20,0,15.44833333,NA,NA,NA,NA,NA,NA,216,99,2.106382979,NA
164,PollRob,Y,N,Y,2.831349206,24.05448718,21.22313797,10.06410256,39.60591133,-29.54180877,6.741262683,5.383107286,1.358155398,yellow,NA,NA,NA,NA,NA,NA,NA,NA,NA,3,0,2.666666667,0.166666667,5.666666667,0.166666667,0.529411765,1.125,NA,1,NA,0.0118,0,22,4,7.219512195,71,20,0.333333333,19.02166667,0,0,0,0,0,0,215,80,1.70212766,0
165,Robbing,Y,N,N,NA,19.96884735,NA,58.75968992,47.79411765,10.96557227,8.598636938,2.275563925,6.323073013,yellow,9.109166667,18.84833333,8.356666667,14.26666667,6.44,4.729166667,127.05815,30.5754,1.024506551,21.83333333,1,7.833333333,1,29.66666667,2,0.735955056,2.787234043,3,1.833333333,0.01888,0.011933333,0.5,18,4,18.22692308,80,18,2.666666667,23.305,0,0,8,0,0,0.5,191,368,7.829787234,7
166,PollRobFlor,Y,Y,Y,21.41666667,NA,NA,117.3333333,NA,NA,77.02680771,NA,NA,red,NA,NA,NA,NA,NA,NA,NA,NA,NA,0,0,1.666666667,0,1.666666667,0,0,0,NA,NA,NA,NA,1.625,3,3,0.2703125,38.1,8,0,25.34,NA,NA,NA,NA,NA,NA,238,2,0.044444444,0
167,PollRobFlor,Y,Y,Y,4.821428571,NA,NA,47.22689076,NA,NA,8.993055395,NA,NA,yellow,7.23,17.9,6.845,12.4125,6.4925,3.6425,87.826125,23.358525,-0.868289845,0.4,0,0.6,0,1,0,0.4,0.666666667,NA,NA,NA,NA,2.375,14,2,NA,67.9,19,0.333333333,22.28666667,0,0,4,0,0,0.2,209,17,0.472222222,36
168,Florivory,N,Y,N,5.145951036,11.15319865,6.007247617,17.33624454,40.5,-23.16375546,13.53786743,4.180094414,9.357773014,yellow,5.93,17.805,9.04,13.445,7.005,3.165,121.1072,22.3998,-0.09721552,4.333333333,0.166666667,4.5,0,8.833333333,0.166666667,0.490566038,0.962962963,NA,NA,NA,NA,2.5,16,5,4.170217226,89.5,19,0,24.155,NA,NA,NA,NA,NA,NA,218,136,2.893617021,12
169,PollRob,Y,N,Y,19.257087,12.54340278,-6.713684221,97.27272727,90,7.27272727,7.664557006,4.513185258,3.151371748,yellow,8.033333333,20.30333333,9.163333333,16.14,7.926666667,3.803333333,147.5312667,30.37986667,1.969871805,7,0.166666667,2.5,0,9.5,0.166666667,0.736842105,2.8,NA,NA,NA,NA,2.75,15,2,20.11135084,85.5,19,0.666666667,34.35833333,NA,NA,NA,NA,NA,NA,216,220,4.680851064,NA
170,Pollination,N,N,Y,9.638047138,19.31229773,9.674250597,15.92885375,40.4,-24.47114625,4.677290314,3.452025502,1.225264812,yellow,8.965,18.4,10.07,15.50333333,7.03,3.946666667,156.2103333,27.67423333,1.837016746,6.666666667,0,5.833333333,0.833333333,12.5,0.833333333,0.533333333,1.142857143,NA,1.8,NA,0.01086,6.375,23,3,2.778125,75.9,18,1.666666667,18.34333333,NA,NA,NA,NA,NA,NA,229,245,5.212765957,0
171,Control,N,N,N,8.743589744,7.493961353,-1.249628391,NA,66.77018634,NA,8.447610596,7.863916419,0.583694177,yellow,9.14,22.25,10.41,18.37,7,4.61,191.2317,32.27,4.110598333,1.333333333,0,4.666666667,0.333333333,6,0.333333333,0.222222222,0.285714286,NA,2,NA,0.012,0,11,2,5.559165396,80.9,19,1.333333333,20.29666667,0,8,0,0,1,0,212,123,2.617021277,0
172,Robbing,Y,N,N,7.083333333,20.76190476,13.67857143,44.453125,46.20567376,-1.75254876,5.518022655,3.515358532,2.002664124,yellow,8.621666667,19.065,6.928333333,13.47833333,5.788333333,4.15,98.02093333,22.8473,0.180642484,4.166666667,0.166666667,2.833333333,0.166666667,7,0.333333333,0.595238095,1.470588235,4,3,0.0274,0.0125,1.875,14,3,25.90032833,87.6,21,0.333333333,23.06333333,4,0,0,0.333333333,0,0,207,354,7.531914894,4
173,Control,N,N,N,5.987903226,-0.208333333,-6.196236559,49.35606061,25.93291405,23.42314656,NA,61.45210844,NA,red,9.133333333,17.21,9.966666667,16.62666667,6.636666667,3.576666667,166.26,23.7643,1.872708438,5,0,1.5,0.166666667,6.5,0.166666667,0.769230769,3.333333333,NA,2,NA,0.0144,1.875,22,4,13.73076923,82.9,18,0.333333333,22.71333333,NA,NA,NA,NA,NA,NA,223,195,4.14893617,0
174,PollRob,Y,N,Y,5.977690289,7.767857143,1.790166854,37.81818182,132.421875,-94.60369318,85.2486194,94.04902147,-8.800402067,red,8.71,19.01,10.37666667,15.85,7.273333333,4.25,165.2191333,31.28486667,2.138267444,6.5,0.333333333,0.833333333,0,7.333333333,0.333333333,0.886363636,7.8,3.5,NA,0.031205,NA,1.125,13,3,4.825180288,90.5,19,0,27.87333333,0,0,0,0,0,0,221,231,4.914893617,0
175,Control,N,N,N,8.585626911,11.25641026,2.670783345,NA,122.6422764,NA,9.899308861,3.468795356,6.430513506,yellow,10.02,19.73,9.535,17.08,8.12,3.5,163.50855,28.4662,2.835769923,4.166666667,0,2.166666667,0.166666667,6.333333333,0.166666667,0.657894737,1.923076923,NA,1,NA,0.0041,2.375,17,2,3.1390625,76.9,19,0,21.54,NA,NA,NA,NA,NA,NA,212,167,3.553191489,0
176,PollRob,Y,N,Y,NA,24.5754717,NA,46.484375,51.21212121,-4.72774621,48.18827117,85.79954654,-37.61127537,red,8.90875,18.354,7.237,13.573,6.2,4.442,104.55172,27.65612,0.212945154,20.16666667,0.666666667,5.333333333,1.333333333,25.5,2,0.790849673,3.78125,4,2.142857143,0.0238,0.014185714,0.875,2,1,3.728849085,92.7,22,6.333333333,27.73,2,0,2,0.1,0,0.1,187,316,6.723404255,5
177,PollFlor,N,Y,Y,NA,8.106060606,NA,21.80327869,93.8292011,-72.02592241,6.269980241,4.394409682,1.875570558,yellow,10.54,19.88333333,10.56666667,17.2,8.35,4.183333333,182.2661333,35.08403333,3.489993203,11.16666667,0.166666667,7.666666667,1.5,18.83333333,1.666666667,0.592920354,1.456521739,3,2.25,0.0119,0.016925,2.25,15,1,5.411280488,80.1,20,2,18.51666667,0,0,4,0,0,1,195,226,4.808510638,20
178,Control,N,N,N,NA,5.362068966,NA,39.79258328,59.77443609,-19.98185281,5.169034844,3.955231751,1.213803093,yellow,9.20875,17.85625,8.0325,14.06,7.18625,4.982857143,121.70335,35.46238571,0.612081862,7,0.666666667,2.666666667,1.166666667,9.666666667,1.833333333,0.724137931,2.625,3.666666667,1.5,0.024433333,0.008383333,1,8,2,2.1828125,90.3,21,2.666666667,18.09666667,0,0,1,0,0,0.166666667,208,233,4.957446809,30
179,Florivory,N,Y,N,8.295454545,8.131313131,-0.164141414,66.30136986,17.5,48.80136986,4.587461342,3.328564368,1.258896974,yellow,7.37,18.61333333,10.28666667,15.33333333,6.763333333,3.186666667,157.9279667,21.5578,1.45852761,10.5,0,9.833333333,0.833333333,20.33333333,0.833333333,0.516393443,1.06779661,NA,1.75,NA,0.011175,1.5,13,2,9.713461538,71.3,18,6.333333333,30.425,0,0,0,0,0,0,210,286,6.085106383,2
180,PollFlor,N,Y,Y,9.857142857,3.733108108,-6.124034749,116.3636364,74.49541284,41.86822356,6.403463602,3.042671665,3.360791937,yellow,8.966666667,18.72666667,9.02,14.13,7.45,3.396666667,128.2414667,25.44003333,1.149184685,8.833333333,0.166666667,4.666666667,0.833333333,13.5,1,0.654320988,1.892857143,3,1.4,0.0201,0.01084,1,7,1,3.1109375,75.5,18,3.666666667,27.335,0,0,0,0,0,0,216,239,5.085106383,50
181,Control,N,N,N,8.086734694,4.715447154,-3.371287539,38.65853659,97.73462783,-59.07609124,12.05875472,11.37458146,0.684173257,yellow,NA,NA,NA,NA,NA,NA,NA,NA,NA,0.166666667,0,0.166666667,0,0.333333333,0,0.5,1,NA,NA,NA,NA,0.25,6,1,2.9171875,68.4,18,0,23.44,NA,NA,NA,NA,NA,NA,232,47,1,NA
182,Robbing,Y,N,N,20.08196721,16.36363636,-3.718330849,NA,53.92592593,NA,9.476084799,4.064267998,5.411816801,yellow,9.62,17.78,8.46,15.64,6.88,2.76,132.3144,18.9888,1.339881863,0.666666667,0,1.666666667,0.166666667,2.333333333,0.166666667,0.285714286,0.4,NA,3,NA,0.0223,1.25,10,2,NA,81.6,17,2,21.975,NA,NA,NA,NA,NA,NA,230,21,0.446808511,NA
183,RobFlor,Y,Y,N,5.996563574,5.175925926,-0.820637648,69.23076923,163.9534884,-94.72271917,9.688650526,4.622047131,5.066603395,yellow,7.73,17.075,8.305,14.065,7.6,3.205,116.51215,24.31975,0.073437158,2,0,4.666666667,1.333333333,6.666666667,1.333333333,0.3,0.428571429,NA,2.142857143,NA,0.012628571,11.875,5,4,3.544359756,79.2,19,2,21.90666667,NA,NA,NA,NA,NA,NA,230,117,2.489361702,0
184,RobFlor,Y,Y,N,8.541666667,2.841880342,-5.699786325,NA,113.8983051,NA,6.59965604,5.366782321,1.232873719,yellow,9.33,19.35,9.84,16.03,7.95,4.04,157.7352,32.118,2.292860346,6.333333333,0,5.833333333,1,12.16666667,1,0.520547945,1.085714286,NA,1.6,NA,0.00622,0.25,9,2,5.643902439,72.7,19,2.666666667,19.38833333,NA,NA,NA,NA,NA,NA,218,124,2.638297872,0
185,Robbing,Y,N,N,15.39529915,11.11111111,-4.284188034,123.1343284,44.79591837,78.33841003,17.89254446,2.284314736,15.60822972,yellow,NA,NA,NA,NA,NA,NA,NA,NA,NA,0.166666667,0,3.666666667,0.333333333,3.833333333,0.333333333,0.043478261,0.045454545,NA,1.5,NA,0.00925,1.625,7,2,3.792949695,73.6,18,0,23.65333333,NA,NA,NA,NA,NA,NA,233,73,1.553191489,NA
186,RobFlor,Y,Y,N,6.145833333,4.299363057,-1.846470276,251.8518519,110.1052632,141.7465887,5.058614503,1.8550939,3.203520603,yellow,9.42,20.37333333,10.63333333,17.58666667,7.933333333,4.193333333,189.1409333,33.2939,3.38167249,3.666666667,0,3.5,0.166666667,7.166666667,0.166666667,0.511627907,1.047619048,NA,2,NA,0.0094,1.375,5,2,5.975609756,80.5,21,1.333333333,27.21166667,0,0,0,0,0,0,223,145,3.085106383,NA
187,RobFlor,Y,Y,N,4.816176471,22.70440252,17.88822605,78.38383838,28.67346939,49.71036899,52.72038435,52.76638007,-0.045995722,red,NA,NA,NA,NA,NA,NA,NA,NA,NA,0.833333333,0.166666667,11.66666667,1.666666667,12.5,1.833333333,0.066666667,0.071428571,NA,2.272727273,NA,0.014745455,1.375,6,3,NA,82.8,19,4.666666667,27.33166667,NA,NA,NA,NA,NA,NA,229,88,1.872340426,0
188,PollFlor,N,Y,Y,6.806853583,6.730769231,-0.076084352,391.2121212,96.31067961,294.9014416,40.47911216,5.570200983,34.90891118,red,9.335,20.8375,10.705,16.1075,8.383333333,4.566666667,172.532525,38.2752,3.114958388,4.833333333,0,6.666666667,1.333333333,11.5,1.333333333,0.420289855,0.725,NA,1.666666667,NA,0.011366667,1.125,5,2,3.890377287,75.8,21,1.333333333,24.29666667,0,3,3,0,0.666666667,0.666666667,191,141,3,1
189,PollFlor,N,Y,Y,7.739899694,9.421487603,1.68158791,31,89.28571429,-58.28571429,15.78442105,4.924327219,10.86009383,yellow,8.573333333,16.67666667,7.986666667,13.3,6.31,3.923333333,107.5491667,25.42033333,-0.105502976,4.666666667,0.166666667,6.166666667,1.5,10.83333333,1.666666667,0.430769231,0.756756757,3,2,0.0208,0.012014286,7.625,10,3,NA,77.7,20,2,26.255,NA,NA,NA,NA,NA,NA,212,157,3.340425532,10
190,Florivory,N,Y,N,23.7295082,NA,NA,17.39473684,93.1372549,-75.74251806,1.721852002,2.420869616,-0.699017614,yellow,6.938,18.568,8.556,14.098,6.476,4.696,122.57862,30.85576,0.345429656,3.5,0.333333333,11,1.666666667,14.5,2,0.24137931,0.318181818,2,1.875,0.0121,0.00805,3.125,42,2,1.39921875,85,15,2.333333333,23.85833333,0,0,0,0,0,0,193,151,3.212765957,30
191,PollRob,Y,N,Y,NA,16.28472222,NA,117,63.98148148,53.01851852,8.549889094,4.943628534,3.60626056,yellow,6.598333333,17.30333333,6.89,12.82,6.01,4.258333333,93.35075,24.8971,-1.040090852,12.33333333,0.5,11.33333333,0.5,23.66666667,1,0.521126761,1.088235294,4.5,2,0.029,0.0128,0.75,17,3,2.7484375,80,16,2.666666667,26.00833333,0,0,4,0,0,0.25,212,314,6.680851064,22
192,RobFlor,Y,Y,N,10.1059322,5.714285714,-4.391646489,18.01020408,113.0526316,-95.04242752,30.17479517,5.298597402,24.87619777,yellow,10.82,20.06,7.84,15.3,7.07,3.61,119.952,25.5227,2.107907357,7,0,7.666666667,0.333333333,14.66666667,0.333333333,0.477272727,0.913043478,NA,NA,NA,NA,1,8,1,2.63671875,84,18,2,26.74333333,NA,NA,NA,NA,NA,NA,221,132,2.808510638,1
193,PollFlor,N,Y,Y,NA,6.335034014,NA,20.64544651,60.56179775,-39.91635124,3.852672431,3.440031854,0.412640576,yellow,NA,NA,NA,NA,NA,NA,NA,NA,NA,2,0,6.666666667,0.5,8.666666667,0.5,0.230769231,0.3,NA,2,NA,0.01415,3.875,13,3,NA,83,15,0.333333333,24.425,NA,NA,NA,NA,NA,NA,199,52,1.106382979,0
194,PollRobFlor,Y,Y,Y,NA,8.537735849,NA,80.32679739,113.9784946,-33.65169721,6.470765326,4.678160865,1.792604462,yellow,8.29,15.81,7.56,12.1,8.025,3.275,92.204,27.1227,-0.87333181,1.166666667,0,8.5,0.5,9.666666667,0.5,0.120689655,0.137254902,NA,2.5,NA,0.01505,1,7,1,NA,89.3,20,1.333333333,25.08833333,NA,NA,NA,NA,NA,NA,211,67,1.425531915,0
195,PollRob,Y,N,Y,5.87535014,4.604316547,-1.271033593,119.1919192,34.56410256,84.62781664,67.50801606,81.5778071,-14.06979104,red,7.53,16.48,7.21,11.62,5.59,2.29,83.7802,12.8011,-1.215631893,13.83333333,0,9.5,0.5,23.33333333,0.5,0.592857143,1.456140351,NA,2,NA,0.012575,1.125,13,1,7.068292683,80.4,19,0,29.03833333,NA,NA,NA,NA,NA,NA,229,265,5.638297872,0
196,RobFlor,Y,Y,N,12.20833333,3.585858586,-8.622474747,101.3253012,24.76190476,76.56339644,5.695407574,4.805734984,0.88967259,yellow,9.653333333,19.18,9.46,15.28333333,6.91,3.556666667,144.4731667,24.5554,1.99990292,6.333333333,0.333333333,4.5,0.333333333,10.83333333,0.666666667,0.584615385,1.407407407,3.5,1.5,0.0142,0.01005,4.75,14,4,5.280228365,85.6,22,0,25.83166667,NA,NA,NA,NA,NA,NA,229,181,3.934782609,0
197,RobFlor,Y,Y,N,NA,NA,NA,NA,37.01492537,NA,39.30988387,57.15668727,-17.84680341,red,9.22125,18.11125,7.26875,12.97375,6.78375,4.55125,100.8190875,30.3299125,0.091076392,17.5,0.166666667,12.33333333,0.833333333,29.83333333,1,0.586592179,1.418918919,2,2.333333333,0.0119,0.012966667,1.75,16,1,4.897560976,91.9,22,2.666666667,22.5,0,0,0,0,0,0,191,311,6.617021277,4
198,PollFlor,N,Y,Y,11.33561644,5.075,-6.260616438,NA,100.1052632,NA,74.23222704,84.47207189,-10.23984485,red,6.445,17.835,8.69,13.79,5.95,3.2,119.7991,18.9088,-0.005575084,5.333333333,0.166666667,8.166666667,1,13.5,1.166666667,0.395061728,0.653061224,4,1.6,0.0162,0.00898,0.75,6,1,3.214543269,79.1,20,3,19.23833333,NA,NA,NA,NA,NA,NA,222,100,2.127659574,NA
199,Robbing,Y,N,N,NA,7.69924812,NA,93.84879725,88.43969145,5.409105805,6.742709786,2.594610512,4.148099274,yellow,7.76125,17.67375,7.10625,12.55125,5.95625,4.13625,94.2153625,24.2727625,-0.64659658,9.5,0.166666667,10.2,0,19.7,0.166666667,0.482233503,0.931372549,3,NA,0.019,NA,5.625,6,1,3.727038872,77.9,19,3,23.99,0,0,0,0,0,0,193,153,3.255319149,7
200,Pollination,N,N,Y,4.103053435,10.26422764,6.161174207,53.62962963,19.85294118,33.77668845,4.527020923,6.023341231,-1.496320308,yellow,NA,NA,NA,NA,NA,NA,NA,NA,NA,0,0,2,0,2,0,0,0,NA,NA,NA,NA,12.5,3,1,NA,66,20,0,18.64,NA,NA,NA,NA,NA,NA,235,15,0.326086957,NA
